Ajami,Wolof_attendu,Wolof_predit,categorie_audit
فاريسەن يي لااج يەەسو نە كو: «كاڽ,Farisen yi laaj Yeesu ne ko: «Kañ,farisen yi laaj Yeesu ne ko: «Kañ,Casse uniquement
"نوونو مو فاب كااس, دالدي سانت ياللا","Noonu mu fab kaas, daldi sant Yàlla","Noonu mu fab kaas, daldi sant yàlla",Casse uniquement
دێپپ,dëpp,dépp,Diacritique uniquement
"كو نەكك چي توول بي, بول ڽيببي ڠير فاب سا مبوبب.","Ku nekk ci tool bi, bul ñibbi ngir fab sa mbubb.","wu nekk ci tool bi, bul ñibbi ngir fab sa mbubb.",Erreur linguistique / structurelle
چێرام,cëram,céram,Diacritique uniquement
"كو, باييي كو مو دەم.»","ko, bàyyi ko mu dem.»","ko, bayyi ko mu dem.»",Diacritique uniquement
نداختە بيند ناڽو: «كێپپ كو ووو بورووم,Ndaxte bind nañu: «Képp ku woo Boroom,Ndaxte bind nañu: «Képp ku woo boroom,Casse uniquement
يوونو موساا داال دو دەف لو دول,Yoonu Musaa daal du def lu dul,yoonu Musaa daal du def lu dul,Casse uniquement
"خارەكات يا دي واخانتە ناان: «مبوبب مي,","Xarekat ya di waxante naan: «Mbubb mi,","xarekat ya di waxante naan: «Mbubb mi,",Casse uniquement
"بي ڽو اگسەە چي يەەسو, دامموڽو اي","Bi ñu agsee ci Yeesu, dammuñu ay","Bi ñu agsee ci Yeesu, dàmmuñu ay",Diacritique uniquement
"كو نيي: دافا يۆنني دوومام, ڠير مو","ko nii: dafa yónni Doomam, ngir mu","ku nii: dafa yónni doomam, ngir mu",Erreur linguistique / structurelle
"ەگگ دييواانو سەنەسارەت, ڽو تەەر فا,","egg diiwaanu Senesaret, ñu teer fa,","Egg diiwaanu Senesaret, ñu teer fa,",Casse uniquement
"گاننااو ليدد سورەوول اك يوپە ناگ, تە","Gannaaw Lidd sorewul ak Yope nag, te","Gannaaw lidd Surewul ak yope nag, te",Erreur linguistique / structurelle
ناكا سا مبوكك.,Naka sa mbokk.,naka sa mbokk.,Casse uniquement
"چي كاو, دو ساخ دووم جي, واايە","ci kaw, du sax Doom ji, waaye","ci kaw, du sax doom ji, waaye",Casse uniquement
دێگگال,dëggal,déggal,Diacritique uniquement
گێرێمەە,gërëmee,ërërëmee,Erreur linguistique / structurelle
"كو گێن ا خاملە, ڠير مبێگگەەل, گي","ko gën a xamle, ngir mbëggeel, gi","ku gën a xamle, ngir mbéggeel, gi",Erreur linguistique / structurelle
واايە نون مێنونوو باڽ ا واخ لي,Waaye nun mënunoo bañ a wax li,Waaye nun mënunuoo bañ a wax li,Erreur linguistique / structurelle
"ڽو سانني ناتتوكااي با چي بيير گێەج,","Ñu sànni nattukaay ba ci biir géej,","Ñu sanni nattukaay ba ci biir géej,",Diacritique uniquement
"چي وەتو توندو وليو يا. نوونو يەەسو يەبال ڽااري تااليبە,","ci wetu tundu Oliw ya. Noonu Yeesu yebal ñaari taalibe,","ci wetu tundu Oliw ya. Noonu Yeesu yebalibe,",Erreur linguistique / structurelle
"لي, لااج كو, نداخ ياگگ نا فااتو.","li, laaj ko, ndax yàgg na faatu.","li, laaj ko, ndax yagg na faatu.",Diacritique uniquement
سا بااي بي بێت مێنتا گيس. نوونو,sa Baay bi bët mënta gis. Noonu,sa baay bi bët mënta gis. Noonu,Casse uniquement
فاتت,fatt,fàtt,Diacritique uniquement
"توپپ, واايە ماي ما, ما جێكك ا تاگگوجي ساما واا كێر.»","topp, waaye may ma, ma jëkk a tàgguji sama waa kër.»","wopp, waaye may ma, ma jëkk a tagguji sama wér.»",Erreur linguistique / structurelle
چي كاو لوولو يەەسو واخ نجييت لا,Ci kaw loolu Yeesu wax njiit la,ci kaw loolu Yeesu wax njiit la,Casse uniquement
بو لەەن كەنن لااجەە: “لو تاخ ڠەەن,Bu leen kenn laajee: “Lu tax ngeen,bu leen kenn laajee: “Lu tax ngeen,Casse uniquement
ساا سا لو موي تەككي; واايە گاننااو,saa sa lu muy tekki; waaye gannaaw,saa sa lu muy tekki; waaye gànnaaw,Diacritique uniquement
واايە ياللا واخ كو نە:«يانقۆوبا راكك جي,Waaye Yàlla wax ko ne:«Yanqóoba rakk ji,Waaye Yàlla wax ku ne:«Yànqóoba rakk ji,Erreur linguistique / structurelle
خاججالەووڽو,xàjjalewuñu,xajjalewuñu,Diacritique uniquement
"كو با نوپپي, واايە گێمولەەن. جێف يي","ko ba noppi, waaye gëmuleen. Jëf yi","ku ba noppi, waaye gëmuleen. Jëf yi",Erreur linguistique / structurelle
"كو تونتو: “بو ما لاككال, تێج ناا","ko tontu: “Bu ma lakkal, tëj naa","ku tontu: “Bu ma lakkal, tëj naa",Erreur linguistique / structurelle
ياا ڠي دوخ چي ێچولە بي,Yaa ngi dox ci école bi,yaa ngi dox ci école bi,Casse uniquement
گێوانتاگول,géwantagul,gëwantagul,Diacritique uniquement
"مو گومبا تە لوو. يەەسو فاج كو,","mu gumba te luu. Yeesu faj ko,","mu gumba te loo. Yeesu faj ko,",Erreur linguistique / structurelle
"كو فا; فەكك مووم فاس نا يێەنەي دوخ, با اگسي فا.","ko fa; fekk moom fas na yéeney dox, ba agsi fa.","ku fa; fekk moom fas na yéeney dox, ba agsi fa.",Erreur linguistique / structurelle
"ڽو ناان: «نداخ كيي دو يەەسو, دوومو","Ñu naan: «Ndax kii du Yeesu, doomu","Ñu naan: «Ndax kiy du Yeesu, doomu",Erreur linguistique / structurelle
گەنت,gent,eent,Erreur linguistique / structurelle
كو گێرێم. فەكك نيتو ساماري لا ووون.,ko gërëm. Fekk nitu Samari la woon.,ko gërëm. Fekk nitu samari la woon.,Casse uniquement
"لا يێككاتي بو كاوە? دێەدێەت, دەەس نا","la yékkati bu kawe? Déedéet, dees na","la yékkati bu kawe? déedéet, dees na",Casse uniquement
ناساراان,nasaraan,aasaan,Erreur linguistique / structurelle
بورووم توول با نە جاوريڽ جا: “ووووال,boroom tool ba ne jawriñ ja: “Woowal,Boroom tool ba ne jawriñ ja: “Wowuwal,Erreur linguistique / structurelle
نديير,ndiir,Nddir,Erreur linguistique / structurelle
"موو تاخ ناڠوونتەلەەن, باي ماگگال ياللا, ني لەەن كيريست ناڠوو.","Moo tax nangoonteleen, bay màggal Yàlla, ni leen Kirist nangoo.","moo tax nangoonteleen, bay màggal Yàlla, ni leen kiristi Karoo.",Erreur linguistique / structurelle
ياللاا,yàllaa,Yàllaa,Casse uniquement
رێچچو,réccu,rëccu,Diacritique uniquement
فاسانتەە,fasantee,Fasantee,Casse uniquement
يااك,yaak,aak,Erreur linguistique / structurelle
تە بي مو رێچچەە چا گێەج گا,te bi mu rëccee ca géej ga,Te bi mu rëccee ca géej ga,Casse uniquement
"دينا كو دۆور اي يار يو مەتتي,","Dina ko dóor ay yar yu metti,","dina ko dóor ay yar yu metti,",Casse uniquement
"ناس, بي ياللا دوگالوون تە خام كو","nas, bi Yàlla dogaloon te xam ko","nas, bi Yàlla dugaloon te xam ku",Erreur linguistique / structurelle
"چي جامونو جووجو ماريااما جۆگ, گااوانتو دەم","Ci jamono jooju Maryaama jóg, gaawantu dem","ci jamono jooju Maryaama jóg, gaawantu dem",Casse uniquement
"چيگ رێەر, نداختە خامولەەن مبيند مي مباا كاتتانو ياللا.","cig réer, ndaxte xamuleen Mbind mi mbaa kàttanu Yàlla.","cig réer, ndaxte xamuleen mbind mi mbaa kattanu Yàlla.",Casse + diacritique
"با مەل نيي خالە, دوڠەەن دوگگ موكك","ba mel niy xale, dungeen dugg mukk","ba mel nii xale, dungeen dugg mukk",Erreur linguistique / structurelle
نەەن لا; فو نوي جێلە لو دوي ڠير دوندال لەەن?»,neen la; fu nuy jële lu doy ngir dundal leen?»,yeen la; fu nuy jële lu duy ngir dundal leen?»,Erreur linguistique / structurelle
"گاننااو لوولو يەەسو گێنناات, او بوورو دەخ","Gannaaw loolu Yeesu génnaat, aw booru dex","gannaaw loolu Yeesu génnaat, aw buuru dex",Erreur linguistique / structurelle
"فيير? ينديل-لەەن ما پوسەتو دەنارييون, ما سەەت.»","fiir? Indil-leen ma posetu denariyon, ma seet.»","yiir? Indil-leen ma posetu denariyon, ma seet.»",Erreur linguistique / structurelle
"فااتو لێەگي, واايە ڽێوال, تەگ كو ساي لوخو, تە دينا دونداات.»","faatu léegi, waaye ñëwal, teg ko say loxo, te dina dundaat.»","yaatu léegi, waaye ñëwal, teg ko say luxu, te dina dundaat.»",Erreur linguistique / structurelle
كێر گي ام نا بونتو بو ماگ.,Kër gi am na buntu bu mag.,kër gi am na buntu bu mag.,Casse uniquement
بيرالەە,biralee,Iiralee,Erreur linguistique / structurelle
"لەەن جاارالە; ييو وي اك دێگگ گي,","leen jaarale; yiw wi ak dëgg gi,","leen jaarale; yiw wi ak dégg gi,",Diacritique uniquement
"كيريست? خاناا دوي ناتتو, تە دو نجاقارە,","Kirist? Xanaa duy nattu, te du njàqare,","kirist? Xanaa doy nattu, te du njàqare,",Erreur linguistique / structurelle
"بي كو بورووم با گيسەە, مو دالدي","Bi ko Boroom ba gisee, mu daldi","Bi ko boroom ba gisee, mu daldi",Casse uniquement
لوو خام چي لي ڽيي سەەدە چي ياو?»,Loo xam ci li ñii seede ci yaw?»,loo xam ci liy ñiy seede ci yaw?»,Erreur linguistique / structurelle
"بيرال, مباا لوي كومپا لو ڽو وارول ا سييوال.","biral, mbaa luy kumpa lu ñu warul a siiwal.","yiral, mbaa luy kompa lu ñu warul a siiwal.",Erreur linguistique / structurelle
چا بێراب بو وێەت. واايە بي كو,ca bérab bu wéet. Waaye bi ko,ca bérab bu wéet. Waaye bi ku,Erreur linguistique / structurelle
"يا, ڠير ڽو تەەرو كو تەەرو بو","ya, ngir ñu teeru ko teeru bu","ya, ngir ñu teeru ku teeru bu",Erreur linguistique / structurelle
چي لي دالە چي جامونوي ياخيا با,Ci li dale ci jamonoy Yaxya ba,ci li dale ci jamonoy Yaxya ba,Casse uniquement
نێو,nëw,ëëw,Erreur linguistique / structurelle
"نداختە دو دااووداا يێەگ چي اساماان, واايە","Ndaxte du Daawudaa yéeg ci asamaan, waaye","Ndaxte du daawudaa yéeg ci asamaan, waaye",Casse uniquement
"واايە سو ڠەەن دي لااج لەنەەن, مبوولووم دێگگ دينا كو اتتە.","Waaye su ngeen di laaj leneen, mbooloom dëgg dina ko àtte.","Waaye su ngeen di laaj leneen, mbooloom dégg dina ko àtte.",Diacritique uniquement
"نداختە اموون ڠا جورۆومي جێككێر, تە كي","ndaxte amoon nga juróomi jëkkër, te ki","Ndaxte amoon nga juróomi jëkkër, te ki",Casse uniquement
"نيي چي يوون وي?» نوونو ڽو تاخاو, سەەن خول جەەخ.","nii ci yoon wi?» Noonu ñu taxaw, seen xol jeex.","niy ci yoon wi?» Noonu ñu taxaw, seex.",Erreur linguistique / structurelle
جيگەەن جي جاڠ چي تێەرە بي,Jigeen ji jàng ci téere bi,jigeen ji jàng ci téere bi,Casse uniquement
"سەنەسارەت. مبوولوو ما وێر كو, دي بووخانتە ڠير دێگلو كاددوگ ياللا.","Senesaret. Mbooloo ma wër ko, di buuxante ngir déglu kàddug Yàlla.","senesaret. Mbooloo ma wér ko, di booxante ngir déglu Kàddug yàldag.",Erreur linguistique / structurelle
"يێف ييي لەەر نا بوور بي, موو","Yëf yii leer na buur bi, moo","yëf yiy leer na buur bi, moo",Erreur linguistique / structurelle
"ماريااما تە گيس لي يەەسو دەفوون, دالدي كوي گێم.","Maryaama te gis li Yeesu defoon, daldi koy gëm.","Maryaama te gis li Yeesu deloon, daldi koy gëm.",Erreur linguistique / structurelle
فووفيي,foofii,foofiy,Erreur linguistique / structurelle
"مووي جييتو, دي يێگلە ڽێوو بورووم بي,","Mooy jiitu, di yégle ñëwu Boroom bi,","Mooy jiitu, di yégle ñëwu boroom bi,",Casse uniquement
كو نەكك واارو نا نداخ ماگگوگ ياللا.,Ku nekk waaru na ndax màggug Yàlla.,ku nekk waaru na ndax màggug Yàlla.,Casse uniquement
"يەروسالەم وێر كو, دي كو جييڽ تووڽ","Yerusalem wër ko, di ko jiiñ tooñ","Yerusalem wér ko, di ko jiiñ tooñ",Diacritique uniquement
ياا ڠي واخ چي ونيڤەرسيتێ بي,Yaa ngi wax ci université bi,yaa ngi wax ci université bi,Casse uniquement
جولليل ندامو ياللا. نوونو يەەسو نە كو: «توپپال چي مان!»,jollil ndamu Yàlla. Noonu Yeesu ne ko: «Toppal ci man!»,yullil ndamu Yàlla. Noonu Yeesu ne ko: «Toppal ci man!»,Erreur linguistique / structurelle
"مو باڽ لەەن ا سانت, ڽو دەم","mu bañ leen a sant, ñu dem","Mu bañ leen a sant, ñu dem",Casse uniquement
"ني بورووم سێەت بي يێەخەە ڽێو ناگ, ڽێپپ گێممەەنتو باي نەلاو.","Ni boroom séet bi yéexee ñëw nag, ñépp gëmmeentu bay nelaw.","yi boroom séet bi yéexee ñëw nag, ñépp gëmmeentul.",Erreur linguistique / structurelle
"نە: «كيي چي كاتتانو بەەلسەبول, بوورو راب","ne: «Kii ci kàttanu Beelsebul, buuru rab","ne: «Kii ci kàttanu beelsebul, buuru rab",Casse uniquement
"وا جاار دێككو امفيپوليس اك اپولوني, دوور","wa jaar dëkku Amfipolis ak Apoloni, door","aaj jaar dëkku Amfipulis ak Ap lapuloni, door",Erreur linguistique / structurelle
گاننااو لوولو جامونو جي ەليسابەت وار ا,Gannaaw loolu jamono ji Elisabet war a,gannaaw loolu jamono ji Elisabet war a,Casse uniquement
"مبوولووم ياووت يێپپ, موي چي يەروسالەم, موي","mbooloom Yawut yépp, muy ci Yerusalem, muy","mbooloom yawut yépp, muy ci Yerusalem, muy",Casse uniquement
"ڽووم, تە بو چي وەرانتە.” جورۆوم-بەنني بوكك,","ñoom, te bu ci werante.” Juróom-benni bokk,","Ñoom, te bu ci werante.” juróom-benni bokk,",Casse uniquement
ام چا مبوولوو ما كو نە يەەسو:,Am ca mbooloo ma ku ne Yeesu:,am ca mbooloo ma ko ne Yeesu:,Erreur linguistique / structurelle
بێگال,bégal,bëgal,Diacritique uniquement
"ڠەەن فەككسي ما چي لي ما نەكك, لو موي جێڠ ييي!»","ngeen fekksi ma ci li ma nekk, lu moy jéng yii!»","ngeen fekksi ma ci li ma nekk, lu muy jéng yii!»",Erreur linguistique / structurelle
خالە بي دەم چي مارچهێ بي,Xale bi dem ci marché bi,xale bi dem ci marché bi,Casse uniquement
ديڠەەن دێگگ اي خارە اك چوووي خارە;,Dingeen dégg ay xare ak coowi xare;,dingeen dégg ay xare ak coowi xare;,Casse uniquement
"گيناار ا ساب ڽااري يوون, ديڠا ما وەددي ڽەتتي يوون.»","ginaar a sab ñaari yoon, dinga ma weddi ñetti yoon.»","yinaar a sab ñaari yoon, dinga ma weddi ñut.»",Erreur linguistique / structurelle
نداخ مبيند مي بيرال نا لي ياللا,Ndax Mbind mi biral na li Yàlla,Ndax mbind mi biral na li Yàlla,Casse uniquement
"پوول, مو دێكك فا كو لەو, مووم","Pool, mu dëkk fa ko lew, moom","Pool, mu dëkk fa ku lew, moom",Erreur linguistique / structurelle
ڠەەن ييي يێپپ? چي دێگگ ماا ڠي,ngeen yii yépp? Ci dëgg maa ngi,ngeen yiy yépp? Ci dëgg maa ngi,Erreur linguistique / structurelle
"بااي بي ما لەەن جوخ, موو گێن","Baay bi ma leen jox, moo gën","baay bi ma leen jox, moo gën",Casse uniquement
ناسراان,nasraan,aaraan,Erreur linguistique / structurelle
"اي بانقااس يو رێي, با پيچچي اساماان تاگگ چي كەرام.»","ay bànqaas yu réy, ba picci asamaan tàgg ci keram.»","yay banqaas yu réy, ba Picci asamaan tagg ci keram.»",Erreur linguistique / structurelle
ما واخاات لەەن كو: گيلێەم جاار چي,Ma waxaat leen ko: giléem jaar ci,ma waxaat leen ko: giléem jaar ci,Casse uniquement
"توپپ بێسو وااجال با, ساراخالەكات يو ماگ","topp bésu Waajal ba, saraxalekat yu mag","topp bésu waajal ba, Saraxalekat yu mag",Casse uniquement
"بينەەگار. نوونو ڽو جێل ساگار, توويال كو","bineegar. Noonu ñu jël sagar, tooyal ko","Bineegar. Noonu ñu jël sagar, tooyal ko",Casse uniquement
نوونو ڽو فەەس اك خەل مو سەلل,Noonu ñu fees ak Xel mu Sell,Noonu ñu fees ak xel mu Sell,Casse uniquement
بو ڠەەن مانەە خارافال نيت چي بێسو,Bu ngeen manee xarafal nit ci bésu,bu ngeen manee xarafal nit ci bésu,Casse uniquement
با دينا كو لاكك چي سافارا سو دول فەي موكك.»,ba dina ko lakk ci safara su dul fey mukk.»,ya dina ko làkk ci safara su dul fey mukk.»,Erreur linguistique / structurelle
موجو نيت كووكو مووي يێەس نجالبێەنام. نوونو,muju nit kooku mooy yées njàlbéenam. Noonu,muju nit kooku mooy yées njalbéenam. Noonu,Diacritique uniquement
وون,won,woon,Erreur linguistique / structurelle
كاددوو,kaddoo,kàddoo,Diacritique uniquement
"واايە مووم دافا ساككو چي نێەولەەم, با","waaye moom dafa sàkku ci néewleem, ba","waaye moom dafa sakku ci néewleem, ba",Diacritique uniquement
"باككانام, دو مان ا نەكك ساما تااليبە.","bakkanam, du man a nekk sama taalibe.","bàkkanam, du man a nekk sama taalibe.",Diacritique uniquement
يەددەەل,yeddeel,Yeddeel,Casse uniquement
"ڠير وونە نە, يێەناي دوومي سەەن بااي","ngir wone ne, yéenay doomi seen Baay","ngir wone ne, yéenay doomi seen baay",Casse uniquement
جانت بي فەنكك نا.,Jant bi fenkk na.,jant bi fenkk na.,Casse uniquement
دەەووون,deewoon,deewun,Erreur linguistique / structurelle
"سەلل مي واچچ چي ڽووم, ني مو","Sell mi wàcc ci ñoom, ni mu","sell mi wàcc ci ñoom, ni mu",Casse uniquement
چا ڠوون سا ڽو ينديل كو ڽو,Ca ngoon sa ñu indil ko ñu,ca ngoon sa ñu yindil ko ñu,Erreur linguistique / structurelle
تە كو سوت سولەيماان ا ڠي في.,te ku sut Suleymaan a ngi fi.,te ku sut soleymaan a ngi fi.,Erreur linguistique / structurelle
كاتتانام. موو تاخ خالە بيي جوددو ديناڽو,kàttanam. Moo tax xale biy juddu dinañu,kàttanam. Moo tax xale bii juddu dinañu,Erreur linguistique / structurelle
"سوقيكوو چي اسكانو دااوودا جاامام,","soqikoo ci askanu Daawuda jaamam,","soqikoo ci askanu daawuda jaamam,",Casse uniquement
نووتەەل,nooteel,Nooteel,Casse uniquement
بەنن نيروووول اك موروومام ليگگێەي.,benn niroowul ak moroomam liggéey.,benn niruuuul ak moroomam liggéey.,Erreur linguistique / structurelle
"اك پامفيلي, تەەرسي ميرا چا واللي ليسي.","ak Pamfili, teersi Mira ca wàlli Lisi.","ak Pamfili, teersi mira ca wàlli lisi.",Casse uniquement
گاچچە,gàcce,càcce,Erreur linguistique / structurelle
"تە ساما مەر داا نا تار, با","Te sama mer daa na tar, ba","te sama mer daa na tar, ba",Casse uniquement
دوخەە,doxee,xoxee,Erreur linguistique / structurelle
پيندوب,pindub,Pindub,Casse uniquement
بێي,bëy,béy,Diacritique uniquement
"«ساڠ بي, ياو سێتو دااوودا بي, يێرێم نو!»","«Sang bi, yaw Sëtu Daawuda bi, yërëm nu!»","«Sang bi, yaw sëtu Daawuda bi, yërëm nu!»",Casse uniquement
"لوولوو ڽێو, ڠير بو واختو وا اگسەە, ڠەەن گێم.","looloo ñëw, ngir bu waxtu wa agsee, ngeen gëm.","looluo ñëw, ngir bu waxtu wa agsee, ngeen gëm.",Erreur linguistique / structurelle
"لاگگي, اي گومبا, اي لوو اك ڽەنەەن","làggi, ay gumba, ay luu ak ñeneen","laggi, ay gumba, ay loo ak ñeneen",Erreur linguistique / structurelle
"وار ا دەف, واخوما ناگ ڠەەن ساگگانە لا چا دەس.","war a def, waxuma nag ngeen sàggane la ca des.","war a def, waxuma nag ngeen saggane la ca des.",Diacritique uniquement
لي ساما خول بێگگ; داي بێرە با,li sama xol bëgg; day bëre ba,li sama xol bëgg; day bére ba,Diacritique uniquement
نەككوما,nekkuma,ekkuma,Erreur linguistique / structurelle
"فاببي مبوولوو ما, سانني پوول اي دوج,","fàbbi mbooloo ma, sànni Pool ay doj,","fàbbi mbooloo ma, sanni pool ay doj,",Casse + diacritique
ڽێو ناان: «سا دووم فااتو نا; ماتاتول ڠاي سونال كيليفا گي.»,ñëw naan: «Sa doom faatu na; matatul ngay sonal kilifa gi.»,ñëw naan: «Sa doom faatu na; matatul ngay sunal kilifa gi.»,Erreur linguistique / structurelle
ماندەە,màndee,àndee,Erreur linguistique / structurelle
بي لوولو امەە يوواانا جێل كاددو گي,Bi loolu amee Yowaana jël kàddu gi,Bi loolu amee yowaana jël kàddu gi,Casse uniquement
"يەەسو, مي دەە, تە پوول ساخ چي نە, مو ڠي دوند.","Yeesu, mi dee, te Pool sax ci ne, mu ngi dund.","yeesu, mi dee, te Pool sax ci ne, mu ngi dund.",Casse uniquement
نو دەفارال لا رەەرو ماگگالو جێگگي با?»,nu defaral la reeru màggalu Jéggi ba?»,wu defaral la reeru màggalu Jéggi ba?»,Erreur linguistique / structurelle
واڽڽيكو,wàññiku,waññiku,Diacritique uniquement
دي لا گێرێم اك سونو خول بێپپ.,di la gërëm ak sunu xol bépp.,Yi la gërëm ak sunu xul bépp.,Erreur linguistique / structurelle
تە يت بو فەككەە نە مان داماي,Te it bu fekkee ne man damay,te it bu fekkee ne man damay,Casse uniquement
"موو كو دوون سێددالە, تە لاساار بوككوون نا چا گان ڽا.","moo ko doon séddale, te Lasaar bokkoon na ca gan ña.","moo ko doon séddale, te lasaar bokkoon na ca gan ña.",Casse uniquement
"بانني يسراييل بارەە-بارە ني سووفوس گێەج ساخ,لو","bànni Israyil baree-bare ni suufus géej sax,lu",banni Israyil baree-bare ni suufus géxjulu,Erreur linguistique / structurelle
"بوڽو لەەن توددە يت اي “نجييت,” نداختە","Buñu leen tudde it ay “njiit,” ndaxte","buñu leen tudde it ay “Njiit,” ndaxte",Casse uniquement
يێف,yëf,yéf,Diacritique uniquement
"تە ڽو بارە چي جێممي نيت ڽو سەلل ڽو دەە, دەككي.","te ñu bare ci jëmmi nit ñu sell ñu dee, dekki.","Te ñu bare ci jëmmi nit ñu sell ñu dee, dekki.",Casse uniquement
"چي سوبا تەەل يەەسو دەللوسي چا دێكك با, مو خييف.","Ci suba teel Yeesu dellusi ca dëkk ba, mu xiif.","ci suba teel Yeesu dellusi ca dëkk ba, mu xiif.",Casse uniquement
بااي بي دوخ چي مارچهێ بي,Baay bi dox ci marché bi,baay bi dox ci marché bi,Casse uniquement
"ڽووم ڠير مبوگال لەەن, فەكك ڽێپپ دي","ñoom ngir mbugal leen, fekk ñépp di","Ñoom ngir mbugal leen, fekk ñépp di",Casse uniquement
"واايە يەەسو خام نا سەەن ناافێق, مو","Waaye Yeesu xam na seen naaféq, mu","waaye Yeesu xam na seen naaféq, mu",Casse uniquement
يوويو يێپپ?— مووم لا بورووم بي دوون واخ.”,yooyu yépp?— Moom la Boroom bi doon wax.”,yooyu yépp? Moom la boroom bi doon wax.”,Erreur linguistique / structurelle
"سيموڠ پييەەر: «سيموڠ دوومو يوواانا, نداخ گێن","Simoŋ Piyeer: «Simoŋ doomu Yowaana, ndax gën","simoŋ Piyeer: «Simoŋ doomu yowaana, ndax gën",Casse uniquement
موو ڠي بااخ.,Moo ngi baax.,moo ngi baax.,Casse uniquement
"نە يەەسو مووي الماسي بي, ڽو داق لا چا جاڠو با.","ne Yeesu mooy Almasi bi, ñu dàq la ca jàngu ba.","ne Yeesu mooy Almasi bi, ñu dàq la cà jàngu ba.",Diacritique uniquement
"موومو مووي ێپپ مبێگ, مي فاي ام,","moomu mooy ëpp mbég, mi fay am,","Moomu mooy ëpp mbég, mi fay am,",Casse uniquement
«دافا اموون بەيكات بو دەموون جييي. بي,«Dafa amoon beykat bu demoon jiyi. Bi,«Dafa amoon beykat bu demoon jiii. Bi,Erreur linguistique / structurelle
"ڽي, واايە مو فەەڽو سا بااي بي","ñi, waaye mu feeñu sa Baay bi","ñi, waaye mu feeñu sa baay bi",Casse uniquement
وگ,ug,wgg,Erreur linguistique / structurelle
"تە ياللا دێگگال كاددوگ ييوام, با ماي","te Yàlla dëggal kàddug yiwam, ba may","Te Yàlla déggal kàddug yiwam, ba may",Casse + diacritique
"واايە ماا ڠي لەەن دي واخ نە,","waaye maa ngi leen di wax ne,","Waaye maa ngi leen di wax ne,",Casse uniquement
"مو نە لەەن: «ڠۆوب مي يااتو نا,","Mu ne leen: «Ngóob mi yaatu na,","mu ne leen: «Ngóob mi yaatu na,",Casse uniquement
ووتسي,wutsi,wotsi,Erreur linguistique / structurelle
ا نەتتالي كەنن چا جامونو جووجا لا ڽو گيسوون.,a nettali kenn ca jamono jooja la ñu gisoon.,ya nettali kenn ca jamono jooja la ñu gisoon.,Erreur linguistique / structurelle
"«واايە يێەن باركەەل ڠەەن, نداختە سەەني بێت","«Waaye yéen barkeel ngeen, ndaxte seeni bët","«Waaaye yéen barkeel ngeen, ndaxte seeni bët",Erreur linguistique / structurelle
گەنن مبێگگەەل مێنول ا وەەسو جوخە سا باككان ڠير ساي خاريت.,Genn mbëggeel mënul a weesu joxe sa bakkan ngir say xarit.,genn mbëggeel mënul a weesu joxe sa bàkkan ngir Sar itarit.,Erreur linguistique / structurelle
"يندي جامم, واايە جااسي لاا ينداالە.","indi jàmm, waaye jaasi laa indaale.","Indi jàmm, waaye jaasi laa indaale.",Casse uniquement
"چي مبيري سەەن باككاار, دينا لەەن يەي","Ci mbiri seen bàkkaar, dina leen yey","ci mbiri seen bàkkaar, dina leen yey",Casse uniquement
"جانت بي دينا دالدي لێندێم,وەەر وي دەرەتال,بالا","Jant bi dina daldi lëndëm,weer wi deretal,bala","jant bi dina daldi lëndëm,weer wala",Erreur linguistique / structurelle
كي جوت چي جيوو وي چي سووف,Ki jot ci jiwu wi ci suuf,ki jot ci jiwu wi ci suuf,Casse uniquement
نجورتو,njortu,jjurtu,Erreur linguistique / structurelle
يێەن ڽي نێەو ڠێم! بو ياللا ووددەە,Yéen ñi néew ngëm! Bu Yàlla woddee,Yéen ñi néew ngëm! Bu Yàlla wuddee,Erreur linguistique / structurelle
"ڽو لاال چاتي مبوببام رەكك, تە كو كو لاال دالدي وێر.","ñu laal cati mbubbam rekk, te ku ko laal daldi wér.","Ñu laal cati mbubbam rekk, te ku ko laal daldi wér.",Casse uniquement
ماڠي ليگگەەي مان.,Mangi liggeey man.,màngi liggeey man.,Casse + diacritique
"دال. ڽوو دوون پييەەر اك يوواانا, سااگ","dal. Ñoo doon Piyeer ak Yowaana, Saag","dal. Ñoo doon Piyeer ak Yowaana, saag",Casse uniquement
لي دالە چي ساا سووسا ناگ يوداا,Li dale ci saa soosa nag Yudaa,li dale ci saa suusa nag yudaa,Erreur linguistique / structurelle
ندەگام,ndegam,Nddggam,Erreur linguistique / structurelle
"با تەي نيت ڽي جۆگە فو نەكك, دي كو فا فەكك.","Ba tey nit ñi jóge fu nekk, di ko fa fekk.","ba tey nit ñi jóge fu nekk, di ko fa fekk.",Casse uniquement
دي دێگگال نە لوولو وۆور نا.,di dëggal ne loolu wóor na.,di déggal ne loolu wóor na.,Diacritique uniquement
كان موو لەەن مان ا تەگ تووڽ?,Kan moo leen man a teg tooñ?,kan moo leen man a teg tooñ?,Casse uniquement
يەي نا سادوسەن يا. كون ناگ ڽو دالدي داجە.,yey na Sadusen ya. Kon nag ñu daldi daje.,yey na sadusen ya. Kon nag ñu daldi daje.,Casse uniquement
چي ڽااري دێرێم? موونا ياللا فاتتەوول بەنن چي ڽووم.,ci ñaari dërëm? Moona Yàlla fàttewul benn ci ñoom.,ci ñaari dërëm? Moona Yàlla fattewul benn ci ñoom.,Diacritique uniquement
چا ساا سووسو خەل مو سەلل مي,Ca saa soosu Xel mu Sell mi,ca saa suusu xel mu Sell mi,Erreur linguistique / structurelle
"تاابالي وەچچيكاتو خااليس يي اك تووگوي جاايكاتي پيتاخ يي,","taabali weccikatu xaalis yi ak tooguy jaaykati pitax yi,","Taabali weccikatu xaalis yi ak tooguy jaaykati pitax yi,",Casse uniquement
"مو بايييل لەەن كي ڽو كو ڽاانوون,","Mu bàyyil leen ki ñu ko ñaanoon,","mu bàyyil leen ki ñu ko ñaanoon,",Casse uniquement
بو رافەت بو دەموون چي رێەو مو,bu rafet bu demoon ci réew mu,Bu rafet bu demoon ci réew mu,Casse uniquement
نوونوو,noonoo,Noonuo,Erreur linguistique / structurelle
بێگگ ناا بااي بي تە ني ما,bëgg naa Baay bi te ni ma,bëgg naa baay bi te ni ma,Casse uniquement
واللا مو دي كو دەف چي رون,walla mu di ko def ci ron,walla mu di ko def ci run,Erreur linguistique / structurelle
جيبريل ميي تاخاو چي كانام ياللا. داڽو,Jibril miy taxaw ci kanam Yàlla. Dañu,jibril miy taxaw ci kanam Yàlla. Dañu,Casse uniquement
"""وااو, داما ام مبێگتە.""","""Waaw, dama am mbégte.""","""Waaw, dama am mbëgte.""",Diacritique uniquement
"يەدد كو. بو رێچچوو, باال كو.","yedd ko. Bu réccoo, baal ko.","Yedd ko. Bu rëccoo, baal ko.",Casse + diacritique
ڽو بيند چي اللووا بي.,Ñu bind ci alluwa bi.,Ñu bind ci àlluwa bi.,Diacritique uniquement
"تە بي نوي دەم, ڽو جوخ نو لي نوي سوخلا لێپپ.","te bi nuy dem, ñu jox nu li nuy soxla lépp.","Ye bi nuy dem, ñu jox nu li noy soxla lépp.",Erreur linguistique / structurelle
فەكك پييەەر دي گێن ا فێگگ. نوونو,Fekk Piyeer di gën a fëgg. Noonu,fekk Piyeer di gën a fëgg..Noonu,Erreur linguistique / structurelle
ناكا نوونا پوول اك ڽي مو اندال,Naka noona Pool ak ñi mu àndal,Naka noona Pool ak ñi mu andal,Diacritique uniquement
تيڤاووانە مووي دێكك بو جامم,Tivaouane mooy dëkk bu jàmm,tiiaawunae mooy dëkk bu jàmm,Erreur linguistique / structurelle
يو مو وار ا دێككو ڠير ساما تور.»,yu mu war a dékku ngir sama tur.»,yu mu war a dëkku ngir sama tur.»,Diacritique uniquement
ناتتوووولەەن,nattuwooleen,àttuwuleen,Erreur linguistique / structurelle
"چا جامونوي ەرودد, مي نەككوون بوور چا","Ca jamonoy Erodd, mi nekkoon buur ca","ca jamonoy Erodd, mi nekkoon buur ca",Casse uniquement
نيرۆولە,niróole,inróole,Erreur linguistique / structurelle
"چي ياو, نداختە راڽڽەەووو جامونو جي ياللا ڽێوە, واللوسي لا.»","ci yaw, ndaxte ràññeewoo jamono ji Yàlla ñëwe, wallusi la.»","yi yaw, ndaxte raññeewuw jamono ji Yàlla ñëwe, wallusi la.»",Erreur linguistique / structurelle
"مو ڽێو چي نون, دالدي يەەو اي","Mu ñëw ci nun, daldi yeew ay","mu ñëw ci nun, daldi yeew ay",Casse uniquement
يەەسو تونتو كو نە: « “ناڠا بێگگ,Yeesu tontu ko ne: « “Nanga bëgg,Yeesu tontu ko ne: «Nanga bëgg,Erreur linguistique / structurelle
يێەن ناگ يێەناي ڽي اند اك مان چي ساماي فيتنا.,Yéen nag yéenay ñi ànd ak man ci samay fitna.,yéen nag yéenay ñi ànd ak man ci samay fitna.,Casse uniquement
"مارت نە يەەسو: «بورووم بي, بوو في","Màrt ne Yeesu: «Boroom bi, boo fi","Mart ne Yeesu: «Boroom bi, boo fi",Diacritique uniquement
لوولوو تاخ وااجور يا نە: «لااجلەەن كو; ماگوم جێمم لا.»,Looloo tax waajur ya ne: «Laajleen ko; magum jëmm la.»,Yooluo tax waajur ya ne: «Laajleen ko; magum jëmm la.»,Erreur linguistique / structurelle
واايە ندەگام دێگێر ڠا بوپپ تە بێگگولوو,Waaye ndegam dëgër nga bopp te bëgguloo,Waaye ndegam dégër nga bopp te bëgguloo,Diacritique uniquement
تە ساراخالەكات يو ماگ يي دي كو جييڽ لو بارە.,Te saraxalekat yu mag yi di ko jiiñ lu bare.,te saraxalekat yu mag yi di ko jiiñ lu bare.,Casse uniquement
"ماا چي دەس, تە ڽو ڠي ماي ووت ا رەي.»","maa ci des, te ñu ngi may wut a rey.»","yaa ci des, te ñu ngi may wut a rey.»",Erreur linguistique / structurelle
"چا, باي ووتتو ساخ يێرەي ڽي كو دوون رەي.”","ca, bay wottu sax yérey ñi ko doon rey.”","ca, bay wuttu sax yërey ñi ko doon rey.”",Erreur linguistique / structurelle
"سا جاام, مي دوون گێمميڽو خەل مو","sa jaam, mi doon gémmiñu Xel mu","sa jaam, mi doon gëmmiñu xel mu",Casse + diacritique
"مو نە لەەن: «بوكك يي, لي خەل","Mu ne leen: «Bokk yi, li Xel","mu ne leen: «Bokk yi, li xel",Casse uniquement
"خارەكات يا, بي ڽو دااجەە يەەسو چا","Xarekat ya, bi ñu daajee Yeesu ca","xarekat ya, bi ñu daajee Yeesu ca",Casse uniquement
نجومبە,njombe,jjumbe,Erreur linguistique / structurelle
ڽو نوپپالو چي بيتي.,Ñu noppalu ci biti.,ñu noppalu ci biti.,Casse uniquement
بيندلەەن,bindleen,Iindleen,Erreur linguistique / structurelle
بووبا لي كو تاخوون دي واخ مووي,Booba li ko taxoon di wax mooy,booba li ko taxoon di wax mooy,Casse uniquement
"يسراييل, دێگلول! ياللا سونو بورووم مووم رەكك مووي بوور.","Israyil, déglul! Yàlla sunu Boroom moom rekk mooy Buur.","Israyil, dëglul! Yàlla sunu boroom roku rokr.",Erreur linguistique / structurelle
دەم نا با جێەم ا تەدداديل ساخ,Dem na ba jéem a teddadil sax,dem na ba jéem a teddadil sax,Casse uniquement
خالە بي ليگگێەي چي موسقوێە بي,Xale bi liggéey ci mosquée bi,xale bi liggéey ci mosquée bi,Casse uniquement
"ما, مان, نداختە ماا واخ نە, سەەني جێف بااخول.","ma, man, ndaxte maa wax ne, seeni jëf baaxul.","ya, man, ndaxte maa wax ne, seeni jëf baaxul.",Erreur linguistique / structurelle
جۆگە چي واللي گاليلە اك دييواان بي,jóge ci wàlli Galile ak diiwaan bi,jóge ci walli galile ak diiwaan bi,Casse + diacritique
نداخ خاماگولەەن با تەي? خاناا فاتتاليكووولەەن جورۆومي,Ndax xamaguleen ba tey? Xanaa fàttalikuwuleen juróomi,Ndax xamaguleen ba tey? Xanaa fattalikooule,Erreur linguistique / structurelle
خوتتيكوو,xottikoo,xuttikuu,Erreur linguistique / structurelle
واايە خەلو ياللا ماا ڠي نوي ڽاانال,waaye Xelu Yàlla maa ngi nuy ñaanal,Waaye xelu Yàlla maa ngi nuy ñaanal,Casse uniquement
دێگلو بو بااخواايە دوڠەەن خام دارا;دي خوول,déglu bu baaxwaaye dungeen xam dara;di xool,déglu bu baaxuaaye dungeen xam dara;di xool,Erreur linguistique / structurelle
"ڽو بارە چي گەرەگ يي, دي جيگێەن","ñu bare ci Gereg yi, di jigéen","Ñu bare ci gereg yi, di jigéen",Casse uniquement
"چي مبيري ساما نجوبتە, دينا لەەن يەي","Ci mbiri sama njubte, dina leen yey","ci mbiri sama njubte, dina leen yey",Casse uniquement
"بيير كێر چي واختو ويي, مااناام تيسباار.","biir kër ci waxtu wii, maanaam tisbaar.","biir kër ci waxtu wiy, maanaam tisbaar.",Erreur linguistique / structurelle
نيرێلەەل,nirëleel,niréleel,Diacritique uniquement
"چي گارابو وليو گو الل, واايە ياللا","ci garabu oliw gu àll, waaye Yàlla","ci garabu wliw gu àll, waaye Yàlla",Erreur linguistique / structurelle
"اك ييو اك دێگگ, ندام لي بااي","ak yiw ak dëgg, ndam li Baay","ak yiw ak dëgg, ndam li baay",Casse uniquement
"فەكك نا بووبا بێسو جێگگي با, دي ماگگالو ياووت يا, جوبسي.","Fekk na booba bésu Jéggi ba, di màggalu Yawut ya, jubsi.","fekk na booba bésu Jéggi ba, di màggalu Yawut ya, jubsi.",Casse uniquement
ڠەەن دەف لو دوي واار? خاناا ڽي,ngeen def lu doy waar? Xanaa ñi,ngeen def lu duy waar? Xanaa ñi,Erreur linguistique / structurelle
"ليبي, يي دەند اك سيرەن, نون اك گان ڽي جۆگە رووم,","Libi, yi dend ak Siren, nun ak gan ñi jóge Room,","Libi, yi dend ak Siren, nun ak gan ñi jóge room,",Casse uniquement
جويوو,joyoo,juyoo,Erreur linguistique / structurelle
يەەسو كيريست دي فەەڽ چي بيير ندامام.,Yeesu Kirist di feeñ ci biir ndamam.,yeesu Kirist di feeñ ci biir ndamam.,Casse uniquement
"يەەسو مووي بورووم بي, تە ڠا گێم","Yeesu mooy Boroom bi, te nga gëm","Yeesu mooy boroom bi, te nga gëm",Casse uniquement
"اك سەەني لوخو جومتوكااي, يي ڽو يەبوون ڠير فاگگو.","ak seeni loxo jumtukaay, yi ñu yeboon ngir fàggu.","ak seeni loxo jomtukaay, yi ñu yeboon ngir fàggu.",Erreur linguistique / structurelle
"چا مووم اي ياووت, دي ماگي دێكك","ca moom ay Yawut, di magi dëkk","ca moom ay yawut, di magi dëkk",Casse uniquement
ڠێرێمو نيت ا لەەن گێنالوون ڠێرێمو ياللا.,Ngërëmu nit a leen gënaloon ngërëmu Yàlla.,ngërëmë nit a leen gënaloon ngërëmu Yàlla.,Erreur linguistique / structurelle
واخامباانە وا لااج كو: «يان لا?» يەەسو,Waxambaane wa laaj ko: «Yan la?» Yeesu,waxambaane wa laaj ko: «Yàn la?» Yeesu,Casse + diacritique
نەەخەە,neexee,eexee,Erreur linguistique / structurelle
ا مەڠالەەل ڠوورو ياللا? واللا بان لێەب,a mengaleel nguuru Yàlla? Walla ban léeb,a mengaleel nguuru Yàlla? Walla? Wal léeb,Erreur linguistique / structurelle
"تە ياخيا موومو, سو ڠەەن بێگگەە ناڠو","Te Yaxya moomu, su ngeen bëggee nangu","te Yaxya moomu, su ngeen bëggee nangu",Casse uniquement
لێەگي ڽو ڠي خوول.,Léegi ñu ngi xool.,léegi ñu ngi xool.,Casse uniquement
"بون لو جار دەە, كون دوما تينو","bon lu jar dee, kon duma tinu","bun lu jar dee, kon duma tinu",Erreur linguistique / structurelle
يتام چي ڽووم ڠا بوكك.» پييەەر تونتو,itam ci ñoom nga bokk.» Piyeer tontu,Yitam ci ñoom nga bokk.» Piyeer tontu,Erreur linguistique / structurelle
"تەندەەفال. مو نە لەەن: “لو تاخ ڠەەن يەندوو تەندەەفال, تە ليگگێەييوولەەن?”","tendeefal. Mu ne leen: “Lu tax ngeen yendoo tendeefal, te liggéeyiwuleen?”","yendeefal. Mu ne leen: “Lu tax ngeen yendeefal, te liggéeyaw, te liggéeyaw,leen?”",Erreur linguistique / structurelle
"خەو, خاملەەن نە جەگە نا; مو ڠي چي بونت بي ساخ.","xew, xamleen ne jege na; mu ngi ci bunt bi sax.","xew, xamleen ne jege na; mu ngi ci bant bi sax.",Erreur linguistique / structurelle
فووفا ڽو ينديل كو كو تێدد چي,Foofa ñu indil ko ku tëdd ci,Foofa ñu indil ko ko tëdd ci,Erreur linguistique / structurelle
"بي ماريااما دێگگەە لوولو, مو دالدي جۆگ, گااوانتوو دەم چا يەەسو.","Bi Maryaama déggee loolu, mu daldi jóg, gaawantoo dem ca Yeesu.","yi maryaama déggee loolu, mu daldi jóg, gaawantoo dem ca yeesu.",Erreur linguistique / structurelle
وايموڽانديكو,waymuñandiku,Waymuñandiku,Casse uniquement
بێسو نوفلااي بو نەكك ناگ موي دييسوو,Bésu noflaay bu nekk nag muy diisoo,bésu noflaay bu nekk nag muy diisoo,Casse uniquement
يێەن ڽي دوف تە گومبا! لان موو,Yéen ñi dof te gumba! Lan moo,yéen ñi dof te gumba! Lan moo,Casse uniquement
"يا, دالدي تاخاو چا جوور گا, فا","ya, daldi taxaw ca joor ga, fa","ya, daldi taxaw ca juur ga, fa",Erreur linguistique / structurelle
"ڽاان نا, ڽو جێببال لەەن كو, ڠير","ñaan na, ñu jébbal leen ko, ngir","Ñaan na, ñu jébbal leen ko, ngir",Casse uniquement
مبێگتە بي ام نا چي ساما خول,Mbégte bi am na ci sama xol,mbégte bi am na ci sama xol,Casse uniquement
كون مو يۆننەەتي يەنەەن سورگا نە لەەن:,Kon mu yónneeti yeneen surga ne leen:,kon mu yónneeti yeneen surga ne leen:,Casse uniquement
نەتتالي لا خەووون چا يوون وا اك,nettali la xewoon ca yoon wa ak,nettali la xewuon ca yoon wa ak,Erreur linguistique / structurelle
تە سااراتا دينا ام دووم جو گۆور.»,te Saarata dina am doom ju góor.»,te saarata dina am doom ju góor.»,Casse uniquement
"توول ا ڠا ووون چا وەتو بێراب,","Tool a nga woon ca wetu bérab,","tool a nga woon ca wetu bérab,",Casse uniquement
«ووتوما تاگگ يو جۆگە چي نيت.,«Wutuma tagg yu jóge ci nit.,«Wootuma tagg yu jóge ci nit.,Erreur linguistique / structurelle
"""بو گانجار امەە, ڽو بێگ.""","""Bu gànjar amee, ñu bég.""","""Bu gànjar amee, ñu bëg.""",Diacritique uniquement
"وۆور نە, ياووت يا جوددوواالە نەكك چي","wóor ne, Yawut ya judduwaale nekk ci","wóor ne, yawut ya judduwaale nekk ci",Casse uniquement
مەلوكان,melokan,melukan,Erreur linguistique / structurelle
"يا ناخ ناڽو كو, مو دالدي مەر","ya nax nañu ko, mu daldi mer","ay nax nañu ko, mu daldi mer",Erreur linguistique / structurelle
لوولو كون وونە نا ني ياللا بااخە,Loolu kon wone na ni Yàlla baaxe,loolu kon wone na ni Yàlla baaxe,Casse uniquement
چي باات يوويو لا دوون ميساالە ني مو وار ا فااتوو.,Ci baat yooyu la doon misaale ni mu war a faatoo.,ci baat yooyu la doon misaale ni mu war a faatuw.,Erreur linguistique / structurelle
مووم اك ڽا مو اندالوون?,moom ak ña mu àndaloon?,moom ak ña mu andaloon?,Diacritique uniquement
ڽووڽيي,ñooñii,ñooñiy,Erreur linguistique / structurelle
رێي مي دا لاا خاڽ ساگو.»,réy mi da laa xañ sago.»,réy mi da laa xañ sagu.»,Erreur linguistique / structurelle
نداو سي جاڠ نا سابار.,Ndaw si jàng na sabar.,Ndàw Si jàng na sabar.,Casse + diacritique
ام الال. لو كو موي ڽووڽو يتام,am alal. Lu ko moy ñooñu itam,am alal. Lu ko muy ñooñu itam,Erreur linguistique / structurelle
"نوونو مو وێر چي دييواانو گاليلە گێپپ,","Noonu mu wër ci diiwaanu Galile gépp,","Noonu mu wér ci diiwaanu Galile gépp,",Diacritique uniquement
"واايە ساما نوون يي, ڽي بێگگول ووون","Waaye sama noon yi, ñi bëggul woon","waaye sama noon yi, ñi bëggul woon",Casse uniquement
"با ڽو لەەن يۆببوو چا بابيلون, يەكوڽاس جور سالاچەل; سالاچەل سوروبابەل,","Ba ñu leen yóbboo ca Babilon, Yekoñas jur Salacel; Salacel Sorobabel,","ba ñu leen yóbboo ca bàbilun, yekuñas jur salacel; salacel; salacellusulubabell surubabell surubabel",Erreur linguistique / structurelle
"كيي موو داان تووگ, دي يەلواان?»","kii moo daan toog, di yelwaan?»","kiy moo daan toog, di yelwaan?»",Erreur linguistique / structurelle
جاڠ بي مووي نجاريڽ بو رێي,Jàng bi mooy njariñ bu rëy,jàng bi mooy njariñ bu réy,Casse + diacritique
بيي,biy,bii,Erreur linguistique / structurelle
"نا, مو تووگاات يەنەەن ڽااري فان چا بێراب, با مو نەككوون.","na, mu toogaat yeneen ñaari fan ca bérab, ba mu nekkoon.","ya, mu toogaat yeneen ñaari fan ca bérab, ba mu nekkoon.",Erreur linguistique / structurelle
"لو ێپپ لا ڽو جي ووون, موي جورۆوم-بەنن-فوكك مباا فانوەەر.»","lu ëpp la ñu ji woon, muy juróom-benn-fukk mbaa fanweer.»","lépp la ñu ji woon, muy juróom-bekn fanueer.»",Erreur linguistique / structurelle
"ساپپەە, نان لاڽو كوي دەللوو چافكاام? دو","sàppee, nan lañu koy delloo cafkaam? Du","sappee, nan lañu koy delloo cafkaam? Du",Diacritique uniquement
"نوونو ڽو فور اي خەەر, بێگگ كو","Noonu ñu for ay xeer, bëgg ko","Noonu ñu for ay xeer, bëgg ku",Erreur linguistique / structurelle
"واايە سو ما كو دەفەە, بو ڠەەن","waaye su ma ko defee, bu ngeen","Waaye su ma ko defee, bu ngeen",Casse uniquement
سالاام الەەكوم.,Salaam aleekum.,salaam aleekum.,Casse uniquement
كوي يێرێم نە كو: «بول جووياتي.»,koy yërëm ne ko: «Bul jooyati.»,kuy yérëm ne ko: «Bul jooyati.»,Erreur linguistique / structurelle
"لااتا ڽوي جالل, بەنن خوتباكات دالدي ڽێو","Laata ñuy jàll, benn xutbakat daldi ñëw","laata ñuy jàll, benn xutbakat daldi ñëw",Casse uniquement
تەي خاريتوو اك اي جووتيكات اك اي بورووم باككاار.”,tey xaritoo ak ay juutikat ak ay boroom bàkkaar.”,tey xarituw ak ay juutikat ak ay boroom bàkkaar.”,Erreur linguistique / structurelle
"چا نجێل ناگ يەەسو جێم چي ڽووم,","Ca njël nag Yeesu jëm ci ñoom,","ca njël nag yeesu jëm ci ñoom,",Casse uniquement
ڽو تونتو نە: «نداختە بورووم بي دا كوو سوخلا.»,Ñu tontu ne: «Ndaxte Boroom bi da koo soxla.»,yu tontu ne: «Ndaxte boroom bi da koo soxla.»,Erreur linguistique / structurelle
يانقۆوبا; يسااخا; يبراايما; تەراا; ناخور;,Yanqóoba; Isaaxa; Ibraayma; Teraa; Naxor;,yanqóoba; Isaaxa; Ibraayma; teraa; naxur;,Erreur linguistique / structurelle
"وي ڠا ما جوخ. ووتتو ناا لەەن,","wi nga ma jox. Wottu naa leen,","wi nga ma jox. Wuttu naa leen,",Erreur linguistique / structurelle
مێسوما,mësuma,mésuma,Diacritique uniquement
فااتتالي,fàattali,faattali,Diacritique uniquement
"گاننااو لوولو يەەسو دافا جالل دەخو گاليلە, مااناام دەخو تيبەريادد.","Gannaaw loolu Yeesu dafa jàll dexu Galile, maanaam dexu Tiberyàdd.","Gannaaw loolu Yeesu dafa jall dexu Galile, maanaam dexu tiberi.",Erreur linguistique / structurelle
"نوونو فيليب تامبالي چي اايا يوويو, خامال","Noonu Filib tàmbali ci aaya yooyu, xamal","Noonu filib tàmbali ci aaya yooyu, xamal",Casse uniquement
"نون ڽێپپ نو ڠي لەەن دي دێگگ,","nun ñépp nu ngi leen di dégg,","Nun ñépp nu ngi leen di dégg,",Casse uniquement
"رەي, مان مي لەەن جوتتالي دێگگ, گي","rey, man mi leen jottali dëgg, gi","rey, man mi leen jottali dégg, gi",Diacritique uniquement
"تە ڽيي خام ناڽو نە, ياا ما يۆنني.","te ñii xam nañu ne, yaa ma yónni.","te ñiy xam nañu ne, yaa ma yónni.",Erreur linguistique / structurelle
اق,àq,aq,Diacritique uniquement
فاس يێەنەە مويتو لێپپ لو نەكك فيير,fas yéenee moytu lépp lu nekk fiir,Fas yéenee moytu lépp lu nekk fiir,Casse uniquement
"نداختە كوي دەف چووبارەگ ياللا, كووكو مووي","ndaxte kuy def coobareg Yàlla, kooku mooy","Ndaxte kuy def coobareg Yàlla, kooku mooy",Casse uniquement
دويلو,doylu,duylu,Erreur linguistique / structurelle
نو ڠي ليگگێەياندوو چي ليگگێەيو ياللا; يێەناي,Nu ngi liggéeyandoo ci liggéeyu Yàlla; yéenay,nu ngi liggéeyandoo ci liggéeyu Yàlla;,Erreur linguistique / structurelle
"ني اگ لەەر لاا واچچە چي اددينا,","Ni ag leer laa wàcce ci àddina,","ni ag leer laa wàcce ci àddina,",Casse uniquement
وورماال,wormaal,wurmaal,Erreur linguistique / structurelle
يسراايييل,israayiil,Israayiil,Casse uniquement
بي لوولو وێيەە گاننااو يەەسو خام نا,Bi loolu wéyee gannaaw Yeesu xam na,bi loolu wéyee gannaaw Yeesu xam na,Casse uniquement
بان ليگگێەي ڠا نار ا دەف?,Ban liggéey nga nar a def?,ban liggéey nga nar a def?,Casse uniquement
چي سونو كاو!’تە ناان جانج يي: «“سوول-لەەن نو!»“ “,ci sunu kaw!’te naan jànj yi: «“Suul-leen nu!»“ “,ci sunu kaw! Te naan janj yi: «Sool-leen nu!» “,Erreur linguistique / structurelle
دێنكوون,dénkoon,dénkuon,Erreur linguistique / structurelle
"كو: «ياللا تەرە, بورووم بي, لوولو دو لا دال.»","ko: «Yàlla tere, Boroom bi, loolu du la dal.»","yo: «Yàlla tere, boroom bi, loolu du la dal.»",Erreur linguistique / structurelle
اددينا سێپپ. تە ڽي دول ياووت ديناڽو,àddina sépp. Te ñi dul Yawut dinañu,Addina sépp. Te ñi dul Yawut dinañu,Casse + diacritique
اك گومور ڽووي تانە دێكك بووبو.,ak Gomor ñooy tane dëkk boobu.,ak gumur ñooy tane dëkk boobu.,Erreur linguistique / structurelle
"ساي بوكك, تە ڽێو چي رێەو, مي ما لاي وون.”","say bokk, te ñëw ci réew, mi ma lay won.”","yay bokk, te ñëw ci réew, mi ma lay won.”",Erreur linguistique / structurelle
"ااداما. ام ناا يێەنەي دەف لو بااخ, واايە اوما كاتتانو يەگگالە.","Aadama. Am naa yéeney def lu baax, waaye awma kàttanu yeggale.","aadama. Am naa yéeney def lu baax, waaye awmà kattalu.",Erreur linguistique / structurelle
"مو دێپپ جێوام چا تانكي يەەسو, دي","Mu dëpp jëwam ca tànki Yeesu, di","Mu dépp jëwam ca tànki Yeesu, di",Diacritique uniquement
واايە ڽووم ڽو ساخ چا لا ڽو,Waaye ñoom ñu sax ca la ñu,waaye ñoom ñu sax ca la ñu,Casse uniquement
ياللااي,yàllaay,Yàllaay,Casse uniquement
نوونو ڽو لااج كو نە: «واخ نو,Noonu ñu laaj ko ne: «Wax nu,woonu ñu laaj ko ne: «Wax nu,Erreur linguistique / structurelle
تە يەەسو مێنو فاا دەف اي كێەماان,Te Yeesu mënu faa def ay kéemaan,te Yeesu mënu faa def ay kéemaan,Casse uniquement
فێتتێەرلو,féttéerlu,Fëttéerlu,Casse + diacritique
فوو جێم چي سوبا-سێدد.,Foo jëm ci suba-sédd.,foo jëm ci suba-sédd.,Casse uniquement
"تە يت نو ڠي بێگ چيي نێگانديكو,","Te it nu ngi bég ciy négandiku,","Te it nu ngi bëg ciy nëgandiku,",Diacritique uniquement
دي فاج جاڠورو يێپپ اك وێرادي يێپپ.,di faj jàngoro yépp ak wéradi yépp.,Yi faj jàngoro yépp ak wéradi yépp.,Erreur linguistique / structurelle
"بي جورۆومي فان وێيەە, اناڽاس ساراخالەكات بو","Bi juróomi fan wéyee, Anañas saraxalekat bu","Bi juróomi fan wéyee, anañas saraxalekat bu",Casse uniquement
"بي موساا دێگگەە واخ جووجو, مو دالدي","Bi Musaa déggee wax jooju, mu daldi","Bi musaa déggee wax jooju, mu daldi",Casse uniquement
"موسوڽوو جاڠ مباا ڽوي گێستو چي ديينە,","musuñoo jàng mbaa ñuy gëstu ci diine,","Musuñoo jàng mbaa ñuy géstu ci diine,",Casse + diacritique
اتتە,àtte,tàtte,Erreur linguistique / structurelle
"يەروسالەم, جاار چي دييوااني ماسەدووان اك اكايي.","Yerusalem, jaar ci diiwaani Maseduwan ak Akayi.","yerusalem, jaar ci diiwaani maseduwan ak akayi.",Casse uniquement
"وو رێي چي بااتام, سانني كو چا","wu réy ci baatam, sànni ko ca","wo réy ci baatam, sànni ko ca",Erreur linguistique / structurelle
چا ساا سا سەەني بێت دالدي وببيكو.,Ca saa sa seeni bët daldi ubbiku.,ca saa sa seeni bët daldi ubbiku.,Casse uniquement
"ناڽو ياووت, مو جاخاسوو اك كو مو","nañu Yawut, mu jaxasoo ak ku mu","nañu yawut, mu jaxasoo ak ku mu",Casse uniquement
"كو: «نويو نانو لا, ياو بوورو ياووت يي!»","ko: «Nuyu nanu la, yaw buuru Yawut yi!»","ko: «Nuyu nanu la, yaw buuru yawut yi!»",Casse uniquement
"بوومي دەە, نداختە دەە مێنو كوو تێيە.","buumi dee, ndaxte dee mënu koo téye.","boomi dee, ndaxte dee mënu koo tëye.",Erreur linguistique / structurelle
"بااخ, تە دينا لا تاگگ.","baax, te dina la tagg.","baax, te dina la tàgg.",Diacritique uniquement
"دو او فەن. ساما خەل, مي خەل","du aw fen. Sama xel, mi Xel","du aw fen. Sama xel, mi xel",Casse uniquement
مووم اك سەەني دووم اك ڽو سورە,moom ak seeni doom ak ñu sore,Moom ak seeni doom ak ñu sore,Casse uniquement
خەەت يونەنت ني مان; ناڠەەن كو دێگگال,xeet Yonent ni man; nangeen ko déggal,xeet yonent ni man; nangeen ko déggal,Casse uniquement
"سيموڠ مي بوكك چي مبوولوو, ما ڽو","Simoŋ mi bokk ci mbooloo, ma ñu","simoŋ mi bokk ci mbooloo, ma ñu",Casse uniquement
"تە نيت كو بون, لو بون لاي","te nit ku bon, lu bon lay","Te nit ku bon, lu bon lay",Casse uniquement
"ياللا, با بوكك يێپپ ام چا مبێگ مو رێي.","Yàlla, ba bokk yépp am ca mbég mu réy.","Yàlla, ba bokk yépp yap ca mbég mu réy.",Erreur linguistique / structurelle
خورو,xuru,xoro,Erreur linguistique / structurelle
باال ڽێپپ ڽي نو تووڽ.تە بو نو تەگ چي يوونو ناتتو.”»,baal ñépp ñi nu tooñ.Te bu nu teg ci yoonu nattu.”»,baal ñépp ñi nu tooñ.Te bu nu teg citu.”»,Erreur linguistique / structurelle
"ندامول باايام, اند اك اي مالااكام; بێس","ndamul Baayam, ànd ak ay malaakam; bés","Ndamul baayam, ànd ak ay malaakam; bés",Casse uniquement
گاگگااي,gàggaay,gaggaay,Diacritique uniquement
"ساخ اجي بيند, جي يەللوو چانت با فاوو. اميين.","sax Aji Bind, ji yelloo cant ba fàww. Amiin.","sax aji bind, ji yelloo cant ba fàww. Amiin.",Casse uniquement
ڽوو ما جييتو ساخ چي گێم كيريست.,ñoo ma jiitu sax ci gëm Kirist.,Ñoo ma jiitu sax ci gëm Kirist.,Casse uniquement
"بو ڠەەن چي امەە لو وۆور ناگ,","Bu ngeen ci amee lu wóor nag,","bu ngeen ci amee lu wóor nag,",Casse uniquement
"ڽێپپ ا بوكك بەنن باات, يووخو دييروب","ñépp a bokk benn baat, yuuxu diirub","Ñépp a bokk benn baat, yuuxu diirub",Casse uniquement
"ام دوند گو دول جەەخ, تە بێس","am dund gu dul jeex, te bés","mam dund gu dul jeex, te bés",Erreur linguistique / structurelle
"خام ڠەەن نە, موسوما لەەن ا نێبب","Xam ngeen ne, musuma leen a nëbb","xam ngeen ne, musuma leen a nëbb",Casse uniquement
الاكە,alake,lalake,Erreur linguistique / structurelle
"واللا: “ما ڠا فالە!” بولەەن دەم, مباا ڠەەن دي لەەن توپپ.","walla: “Ma nga fale!” Buleen dem, mbaa ngeen di leen topp.","Yalla: “Ma nga fale!” buleen dem, mbaa ngeen topp.",Erreur linguistique / structurelle
"با موجج ناافێق تاخاو, سەەدە چي مووم ناان:","Ba mujj naaféq taxaw, seede ci moom naan:","ba mujj naaféq taxaw, seede ci moom naan:",Casse uniquement
نديگال يي اك دوگالي بورووم بي يێپپ.,ndigal yi ak dogali Boroom bi yépp.,ndigal yi ak dugali boroom bi yépp.,Erreur linguistique / structurelle
خول بي دال نا.,Xol bi dal na.,xul bi dal na.,Erreur linguistique / structurelle
گا اك سادوسەن يا داانو چي سەەن كاو.,ga ak Sadusen ya daanu ci seen kaw.,ga ak sadusen ya daanu ci seen kaw.,Casse uniquement
"رەكك, واايە يت دينا داانەەل ماگگالوكاايو ارتەميس","rekk, waaye it dina daaneel màggalukaayu Artemis","rekk, waaye it dina daaneel màggalukaayu àrttemis",Erreur linguistique / structurelle
"يندي يەنەەن جورۆوم ناان: “كيليفا گي, دێنك","indi yeneen juróom naan: “Kilifa gi, dénk","niddi yeneen juróom naan: “Kilifa gi, dënk",Erreur linguistique / structurelle
"مو يۆننەەتي بەنەەن سورگا, ڽو رەي كو.","Mu yónneeti beneen surga, ñu rey ko.","mu yónneeti beneen surga, ñu rey ko.",Casse uniquement
"ڽوي واخ يسوب, تەگ كو چي گێمميڽو يەەسو.","ñuy wax isob, teg ko ci gémmiñu Yeesu.","Ñuy wax Isub, teg ku ci gémmiñu Yeesu.",Erreur linguistique / structurelle
باننەەخي,bànneexi,banneexi,Diacritique uniquement
خول يي فەەس نا.,Xol yi fees na.,xul yi fees na.,Erreur linguistique / structurelle
"ڽي جوگگي چي, پيچچي اساماان لەكك كو لێپپ.","ñi joggi ci, picci asamaan lekk ko lépp.","Ñi juggi ci, picci asamaan lekk ku lépp.",Erreur linguistique / structurelle
"پيلاات تونتو لەەن: «املەەن, اي ووتتوكات ا","Pilaat tontu leen: «Amleen, ay wottukat a","Pilaat tontu leen: «Amleen, ay wuttukat a",Erreur linguistique / structurelle
چي فيرندە جيي ڠەەن كوي خاممەە: ديڠەەن,Ci firnde jii ngeen koy xàmmee: dingeen,ci firnde jii ngeen koy xàmmee: dingeen,Casse uniquement
رێەو مي; مان كێلۆدد ليسيياس ماا ڠي لاي نويو.,réew mi; man Këlódd Lisiyas maa ngi lay nuyu.,réew mi; man këlódd lisiias maa ngi lay nuyu.,Erreur linguistique / structurelle
ڠوور ييي اك سەەن ندام نداختە جێببال,nguur yii ak seen ndam ndaxte jébbal,nguur yiy ak seen ndax ndaxte jébbal,Erreur linguistique / structurelle
"اي نديگال, جاارە چي خەل مو سەلل","ay ndigal, jaare ci Xel mu Sell","ay ndigal, jaare ci xel mu Sell",Casse uniquement
جێلە دارا چي لوخوب بااي بي.,jële dara ci loxob Baay bi.,jële dara ci loxob baay bi.,Casse uniquement
يت پييەەر; فەكك لوولو داجە اك بێسي,it Piyeer; fekk loolu daje ak bési,tit Piyeer; fekk loolu daje ak bési,Erreur linguistique / structurelle
"نداخ جاادو نا, نو فەي بوور بي سەساار گالاگ واللا دێەت?»","ndax jaadu na, nu fey buur bi Sesaar galag walla déet?»","ydax jaadu na, nu fey buur bi sesaar galag wélla déet?»",Erreur linguistique / structurelle
"ڽاار نە لەەن: «نو ڠي دەم يەروسالەم,","ñaar ne leen: «Nu ngi dem Yerusalem,","Ñaar ne leen: «Nu ngi dem Yerusalem,",Casse uniquement
"سووف داي مەڽڽ مووم چي بوپپام, مو","Suuf day meññ moom ci boppam, mu","Yuuf day meññ moom ci boppam, mu",Erreur linguistique / structurelle
نەرر,nerr,err,Erreur linguistique / structurelle
نوسە,nose,Nuse,Erreur linguistique / structurelle
داانو چي سووف تە سووبول سەەن بااي.,daanu ci suuf te soobul seen Baay.,daanu ci suuf te suubul seen baay.,Erreur linguistique / structurelle
واخ جووجو ناگ دالدي جااخال تااليبە يي,Wax jooju nag daldi jaaxal taalibe yi,wax jooju nag daldi jaaxal taalibe yi,Casse uniquement
خاناا كون ڠێم داي فانق يوونو موساا?,Xanaa kon ngëm day fanq yoonu Musaa?,xanaa kon ngëm day fanq yoonu Musaa?,Casse uniquement
"ڽوي لەكك, تە لااجوون كو نە: «بورووم","ñuy lekk, te laajoon ko ne: «Boroom","Ñuy lekk, te laajoon ko ne: «Boroom",Casse uniquement
"مان پوول, نداوول كيريست يەەسو چي چووبارەگ","Man Pool, ndawul Kirist Yeesu ci coobareg","man Pool, ndawul Kirist Yeesu ci coobareg",Casse uniquement
"ا فاڠاارال دوگگ چيب دێكك, واايە مو","a faŋaaral dugg cib dëkk, waaye mu","Ya fàngaaral dugg cib dëkk, waaye mu",Erreur linguistique / structurelle
"ڽي دوون دەف لوولو, جورۆوم-ڽااري دووم لاڽو","Ñi doon def loolu, juróom-ñaari doom lañu","ñi doon def loolu, juróom-ñaari doom lañu",Casse uniquement
كو: «نداخ گێم ڠا دوومو نيت كي?»,ko: «Ndax gëm nga Doomu nit ki?»,ko: «Ndax gëm nga doomu nit ki?»,Casse uniquement
"ڽو جوب نداخ سەەن ڠێم, ڽي خارافول","ñu jub ndax seen ngëm, ñi xaraful","Ñu jub ndax seen ngëm, ñi xaraful",Casse uniquement
"بي لوولو امەە يەەسو جۆگە فووفا, دوگگ چي سەەن جاڠو,","Bi loolu amee Yeesu jóge foofa, dugg ci seen jàngu,","Bi loolu amee Yeesu jóge foofa, dugg càngu,",Erreur linguistique / structurelle
"«كو لەەن دێگلو, دێگلو نا ما; كو","«Ku leen déglu, déglu na ma; ku","«Ku leen déglu, dëglu na ma; ku",Diacritique uniquement
"جەگەڽسي نە كو: “كيليفا گي, دێنك ڠا","jegeñsi ne ko: “Kilifa gi, dénk nga","jegeñsi ne ko: “Kilifa gi, dënk nga",Diacritique uniquement
گو ڽوي واخ تيبەريادد. نيي لا دەمە ووون:,gu ñuy wax Tiberyàdd. Nii la deme woon:,yu ñuy wax tiberiadd. Nii la deme woon:,Erreur linguistique / structurelle
كو كو. تە ڠەەن رووف اب جاارو,ko ko. Te ngeen roof ab jaaro,ku ko. Te ngeen rouf ab jaaru,Erreur linguistique / structurelle
كي كوي وور دينا توروخ. باڽوون ا,ki koy wor dina torox. Bañoon a,ki koy wor dina turox. Bañoon a,Erreur linguistique / structurelle
"ڽي راب جاپپ, ڽو دي لەەن جێەم","ñi rab jàpp, ñu di leen jéem","Ñi rab jàpp, ñu di leen jéem",Casse uniquement
"لەەن, نداختە داڽوو سونن با نە يوگگ,","leen, ndaxte dañoo sonn ba ne yogg,","leen, ndaxte dañoo sunn ba ne yugg,",Erreur linguistique / structurelle
نوونو يەەسو وێر دێكك يو ماگ يا,Noonu Yeesu wër dëkk yu mag ya,Noonu Yeesu wér dëkk yu mag ya,Diacritique uniquement
نيت كي يور خەلوم ياللا دافاي اتتە,Nit ki yor Xelum Yàlla dafay àtte,nit ki yor xelum Yàlla dafay atte,Casse + diacritique
ما كو بااي بي سانتە.»,ma ko Baay bi sante.»,ma ko baay bi sante.»,Casse uniquement
چي كاو لوولو يەەسو نە لەەن: «نانو,Ci kaw loolu Yeesu ne leen: «Nanu,ci kaw loolu Yeesu ne leen: «Nanu,Casse uniquement
"نێەو بي دالدي گێنن, ڽو گيس چاڠااي,","Néew bi daldi génn, ñu gis càngaay,","néew bi daldi gënn, ñu gis càngaay,",Casse + diacritique
لەەن چي ندوخ چي تورو يەەسو بورووم بي.,leen ci ndox ci turu Yeesu Boroom bi.,leen ci ndox ci turu Yeesu boroom bi.,Casse uniquement
"ساما كااس, واايە تووگ چي ساما ندەيجوور","sama kaas, waaye toog ci sama ndeyjoor","Yama kaas, waaye toog ci sama ndeyjoor",Erreur linguistique / structurelle
"فەكك تااليبەي يەەسو يا دي كو گێتێن نە: «كيليفا گي, لەككال.»","Fekk taalibey Yeesu ya di ko gétën ne: «Kilifa gi, lekkal.»","fekk taalibey Yeesu ya di ko gëtën ne: «Kilifa gi, lekkal.»",Casse + diacritique
تانن,tànn,tann,Diacritique uniquement
ادديناي,àddinay,dàddinay,Erreur linguistique / structurelle
نجاببوتام,njabbotam,jjabbutam,Erreur linguistique / structurelle
رێگلە,rëgle,régle,Diacritique uniquement
ويي? نو ڠەەن خامە ناگ لێەب يي چي دەس?,wii? Nu ngeen xame nag léeb yi ci des?,wiy? Nu ngeen xame nag léeb yi ci des?,Erreur linguistique / structurelle
"ڽوو فەەڽ چي ندامو ياللا, دي واختاانە","Ñoo feeñ ci ndamu Yàlla, di waxtaane","ñoo feeñ ci ndamu Yàlla, di waxtaane",Casse uniquement
كي گێن ا ماگ چي يێەن مووي,Ki gën a mag ci yéen mooy,ki gën a mag ci yéen mooy,Casse uniquement
"تاخاو چا وەتام, ڽو فێل گێمميڽام.","taxaw ca wetam, ñu fél gémmiñam.","taxaw ca wetam, ñu fël gëmmiñam.",Diacritique uniquement
"لو بون, ڠير لو بااخ گێنن چا?»","lu bon, ngir lu baax génn ca?»","lu bon, ngir lu baax gënn ca?»",Diacritique uniquement
ڽااوتێەفو,ñaawtéefu,Ñaawtéefu,Casse uniquement
مەلوو,melow,meloo,Erreur linguistique / structurelle
"نيي.» بووبا لا كو تااليبە با يۆببو كێرام, يور كو.","nii.» Booba la ko taalibe ba yóbbu këram, yor ko.","nii.» Booba la ko taalibe ba yóbbu këram, yur ko.",Erreur linguistique / structurelle
يددا,idda,didda,Erreur linguistique / structurelle
"بێگگە, نداختە باككانو نيت اجووول چي الالام, اك لو مو بارەە-بارە.»","bëgge, ndaxte bakkanu nit ajuwul ci alalam, ak lu mu baree-bare.»","yégge, ndaxte bàkkanu nit ajooul ci alalam, ak lu mu baree-bare.»",Erreur linguistique / structurelle
"ياللا, ڠير ليگگێەي بي ڽو اگگالە.","Yàlla, ngir liggéey bi ñu àggale.","Yàlla, ngir liggéey bi ñu aggale.",Diacritique uniquement
"نجااتيگەەم نە كو: “دەف ڠا لو بااخ,","Njaatigeem ne ko: “Def nga lu baax,","njaatigeem ne ko: “Def nga lu baax,",Casse uniquement
خام ڠەەن نە ياللا فال نا يەەسوم,Xam ngeen ne Yàlla fal na Yeesum,xam ngeen ne Yàlla fal na Yeesum,Casse uniquement
گيلە,gile,yile,Erreur linguistique / structurelle
"يوواانا, نداخ بێگگ ڠا ما?» مو نە","Yowaana, ndax bëgg nga ma?» Mu ne","yowaana, ndax bëgg nga ma?» Mu ne",Casse uniquement
ماا ڠي ياگگ فيي ات.,Maa ngi yàgg fii at.,maa ngi yàgg fii at.,Casse uniquement
"دەخو يوردان. بي مو فا دەمەە, مبوولوو","dexu Yurdan. Bi mu fa demee, mbooloo","dexu yurdan. Bi mu fa demee, mbooloo",Casse uniquement
"لێەگي ناگ بورووم بي, سەەتال سەەني تێككو","Léegi nag Boroom bi, seetal seeni tëkku","léegi nag boroom bi, seetal seeni tëkku",Casse uniquement
خاناا نداخ نو دەم جێندال مبوولوو ميي لو ڽو لەكك?»,Xanaa ndax nu dem jëndal mbooloo mii lu ñu lekk?»,xanaa ndax nu dem jëndal mbooloo miy lu ñu luklukalu?»,Erreur linguistique / structurelle
"اك كاتتان; موي وێر, دي دەف لو","ak kàttan; muy wër, di def lu","ak kàttan; muy wér, di def lu",Diacritique uniquement
داما جاڠ الخوراان.,Dama jàng Alxuraan.,dama jang alxuraan.,Casse + diacritique
بانني يسراييل تە خامولوو مبير ييي?,bànni Israyil te xamuloo mbir yii?,banni Israyil te xamuloo mbir yiy?,Erreur linguistique / structurelle
"سيموڠ, با اگسي چي بونت بي.","Simoŋ, ba agsi ci bunt bi.","simoŋ, ba agsi ci bunt bi.",Casse uniquement
"يي, ديڠەەن توروخ! نداختە يێەنا ڠي وێر","yi, dingeen torox! Ndaxte yéena ngi wër","yi, dingeen torox! Ndaxte yéena ngi wér",Diacritique uniquement
يێەنا ڠي واخ نە: “كو گيڽە كێر,Yéena ngi wax ne: “Ku giñe kër,éeena ngi wax ne: “Ku giñe kër,Erreur linguistique / structurelle
"بااخ, فەكك داڠەەن بون? نداختە گێمميڽ, لا فەەس خول لاي واخ.","baax, fekk dangeen bon? Ndaxte gémmiñ, la fees xol lay wax.","baax, fekk dangeen bun? Ndaxte gëmmiñ, la fees xol lay wax.",Erreur linguistique / structurelle
"بي مو گيسەە پييەەر اك يوواانا ناگ,","Bi mu gisee Piyeer ak Yowaana nag,","Bi mu gisee piyeer ak yowaana nag,",Casse uniquement
"چا دەس دێگگ ناڽو لوولو, ڽو دالدي مەرە سااگ اك يوواانا.","ca des dégg nañu loolu, ñu daldi mere Saag ak Yowaana.","ca des dégg nañu loolu, ñu daldi mere saag ak yuwaana.",Erreur linguistique / structurelle
"چي كاو لوولو سوول, مي تودد يت","Ci kaw loolu Sool, mi tudd it","ci kaw loolu suul, mi tudd it",Erreur linguistique / structurelle
چي كاو لوولو پييەەر جێل كاددو گي,Ci kaw loolu Piyeer jël kàddu gi,ci kaw loolu Piyeer jël kàddu gi,Casse uniquement
بيي; دوگال نا ساخ اي گەرەگ فيي,bii; dugal na sax ay Gereg fii,bii; dugal na sax ay gereg fii,Casse uniquement
"كو لا گا, ڠا يەنول كو دوخوب","Ku la ga, nga yenul ko doxub","ku la ga, nga yenul ko doxob",Erreur linguistique / structurelle
جاڠ ليي چي مبيند يي?“دوج وي تاباخكات,jàng lii ci Mbind yi?“Doj wi tabaxkat,jàng liy ci mbind yi?“Doj wi tabaxkat,Erreur linguistique / structurelle
چا ڠوون سا فوككي تااليبە يا اك,Ca ngoon sa fukki taalibe ya ak,ca ngoon sa fukki taalibe ya ak,Casse uniquement
تە ليي يتام ام نا: خام ڠەەن,Te lii itam am na: xam ngeen,te lii itam am na: xam ngeen,Casse uniquement
"بي مو كو واخەە, اگاريپا نە پوول:","Bi mu ko waxee, Agaripa ne Pool:","yi mu ko waxee, agaripa ne pool:",Erreur linguistique / structurelle
"ييي, ڽاان چي ياللا رەكك ا لەەن دي داق.»","yii, ñaan ci Yàlla rekk a leen di dàq.»","yiy, ñaan ci Yàlla rekk a leen di dàq.»",Erreur linguistique / structurelle
"دوون, نداختە خام ناڽو نە, بورووم بي لا.","doon, ndaxte xam nañu ne, Boroom bi la.","doon, ndaxte xam nañu ne, boroom bi la.",Casse uniquement
نداخ ياا دي يليياس?» مو نە لەەن:,Ndax yaa di Iliyas?» Mu ne leen:,Yàx yaa di Iliyas?» Mu ne leen:,Erreur linguistique / structurelle
جێييا,jéyya,jéyia,Erreur linguistique / structurelle
دێنك ناا ياووت يي اك گەرەگ يي,Dénk naa Yawut yi ak Gereg yi,dénk naa Yawut yi ak gereg yi,Casse uniquement
"توور خەل مو سەلل, مي مو مايە,","tuur Xel mu Sell, mi mu maye,","tuur xel mu Sell, mi mu maye,",Casse uniquement
ما وەددي ڽەتتي يوون.» مو دالدي جووي جووي يو مەتتي.,ma weddi ñetti yoon.» Mu daldi jooy jooy yu metti.,ya weddi ñetti yoon.» Mu daldi jooy juuy yu metti.,Erreur linguistique / structurelle
"ماريااما دافا تانن چێر بي گێن, تە","Maryaama dafa tànn cér bi gën, te","Maryaama dafa tann cér bi gën, te",Diacritique uniquement
"ناڽو لوولو, ڽو دالدي واارو لوول نە","nañu loolu, ñu daldi waaru lool ne","Aañu loolu, ñu daldi waaru luul ne",Erreur linguistique / structurelle
"تاسكاتي رێەو ما يت, يا ڽو دااجاالە","Taskati réew ma it, ya ñu daajaale","taskati réew ma it, ya ñu daajaale",Casse uniquement
گاددااي,gàddaay,gaddaay,Diacritique uniquement
"اك سەگوند, ڽي دێكك تەسالونيگ; گايوس, مي","ak Segond, ñi dëkk Tesalonig; Gayus, mi","ak segund, ñi dëkk tesalunig; gayus, mi",Erreur linguistique / structurelle
"ڠەلاو لي, نداختە ڠەلاو لي دا نوو سوفلو.","ngelaw li, ndaxte ngelaw li da noo soflu.","ngelaw li, ndaxte ngelaw li da noo suflu.",Erreur linguistique / structurelle
"راب يوويوو ڠي كو دوون ڽاان, ڠير","Rab yooyoo ngi ko doon ñaan, ngir","rab yooyoo ngi ko doon ñaan, ngir",Casse uniquement
"ديناڽو لەەن داق چا جاڠو يا, تە","Dinañu leen dàq ca jàngu ya, te","dinañu leen dàq ca jàngu ya, te",Casse uniquement
تەي دامم مبورو چا كێر يا; ڽوي,tey damm mburu ca kër ya; ñuy,tey dàmm mburu ca kër ya; ñuy,Diacritique uniquement
"كان چي يێەن, بو لا سا دووم","Kan ci yéen, bu la sa doom","kan ci yéen, bu la sa doom",Casse uniquement
ياي,yaay,yay,Erreur linguistique / structurelle
بو نجااتيگەەم ڽێوەە تە گيس موي دەف,Bu njaatigeem ñëwee te gis muy def,bu njaatigeem ñëwee te gis muy def,Casse uniquement
"نە كو: «لو تاخ نوي ووور, نون","ne ko: «Lu tax nuy woor, nun","ne ko: «Lu tax nuy wuur, nun",Erreur linguistique / structurelle
"سي گومبا گي گيس, دالدي توپپ يەەسو چي يوون وي.","si gumba gi gis, daldi topp Yeesu ci yoon wi.","si gumba gi gis, daldi topp yeesu ci.",Erreur linguistique / structurelle
"ام نا ڽاار ڽو لەەن فەەڽو, سول يێرە يوي مەلاخ.","am na ñaar ñu leen feeñu, sol yére yuy melax.","yam na ñaar ñu leen feeñu, sul yére yuy melax.",Erreur linguistique / structurelle
"كو خامول نە, دێككو ەفەس موو دي","ku xamul ne, dëkku Efes moo di","ko xamul ne, dëkku Efes moo di",Erreur linguistique / structurelle
"مي, بايييل لەەن باراباس, با نوپپي مو","mi, bàyyil leen Barabas, ba noppi mu","yi, bàyyil leen barabas, ba noppi mu",Erreur linguistique / structurelle
"ڽو راببە كاوارو گيلێەم, تاكك گەڽوگ دەر","ñu ràbbe kawaru giléem, takk geñog der","Ñu rabbe kawaru Gilëem, takk geñug der",Erreur linguistique / structurelle
ماڠي بێگگ لەكك چێب نيي.,Mangi bëgg lekk cëb nii.,màngi bëgg lekk cëb nii.,Casse + diacritique
نا خەل مي جاارالە كو چي لوخوي,na Xel mi jaarale ko ci loxoy,na xel mi jaarale ko ci loxoy,Casse uniquement
"چا گێەو, با ڽوي واخ ارەيوپاس. ڽو","ca géew, ba ñuy wax Areyopas. Ñu","ca géew, ba ñuy wax areyupas. Ñu",Erreur linguistique / structurelle
"واا ەلام, نون ڽي دێكك مەسوپوتامي, رێەوو","waa Elam, nun ñi dëkk Mesopotami, réewu","Waa elam, nun ñi dëkk Mesuputami, réewu",Erreur linguistique / structurelle
"ناان دو ماراتي موكك, نداختە داي نەكك","naan du marati mukk, ndaxte day nekk","Naan du marati mukk, ndaxte day nekk",Casse uniquement
"مارت تونتو كو نە: «خام ناا نە,","Màrt tontu ko ne: «Xam naa ne,","Mart tontu ko ne: «Xam naa ne,",Diacritique uniquement
لو تاخ ڠاي خوول ڽاخ گي چي,Lu tax ngay xool ñax gi ci,lu tax ngay xool ñax gi ci,Casse uniquement
يوونو موساا داان نا خامب بێگگ-بێگگ يو,yoonu Musaa daan na xamb bëgg-bëgg yu,Yoonu Musaa daan na xàmb bëgg-bëgg yu,Casse + diacritique
"يەەسو گێنن, جاللاات دەخو يوردان, تووگ فا","Yeesu génn, jàllaat dexu Yurdan, toog fa","Yeesu génn, jallaat dexu Yurdan, toog fa",Diacritique uniquement
"نيي لا دوون واارەە: «تووبلەەن سەەني باككاار,","Nii la doon waaree: «Tuubleen seeni bàkkaar,","niy la doon waaree: «Tuubleen seeni bàkkaar,",Erreur linguistique / structurelle
واايە ليي لا كو ياللا تونتو: «دەنچال,Waaye lii la ko Yàlla tontu: «Dencal,Waaye liy la ko Yàlla tontu: «Dencal,Erreur linguistique / structurelle
"چي ساا سي تااليبە يي خوول, واايە","Ci saa si taalibe yi xool, waaye","ci saa si taalibe yi xool, waaye",Casse uniquement
بااخ بوي يندي مبێگ مو رێي چي نيت ڽێپپ.,baax buy indi mbég mu réy ci nit ñépp.,Yaax buy yindi mbëg mu réy ci nit ñépp.,Erreur linguistique / structurelle
ماي وار ا فێەتەووو چي ندونو لي.”,may war a féetewoo ci ndono li.”,may war a féetewuw ci ndonu li.”,Erreur linguistique / structurelle
"كو بێگگ ا سييو, دوو نێبب ساي","Ku bëgg a siiw, doo nëbb say","ku bëgg a siiw, doo nëbb say",Casse uniquement
فوككي,fukki,Fukki,Casse uniquement
ما خامە بااي بي تە بااي بي,ma xame Baay bi te Baay bi,ma xame baay bi te baay bi,Casse uniquement
فەكك ڽوي روب نێەو بوو خام نە,fekk ñuy rob néew boo xam ne,fekk ñuy rub néew boo xam ne,Erreur linguistique / structurelle
"يسراييل اك ساما ڽاان چي ياللا, مووي ڽو موچچ.","Israyil ak sama ñaan ci Yàlla, mooy ñu mucc.","ysrayil ak sama ñaan ci Yàlla, mooy ñu mucc.",Erreur linguistique / structurelle
"ساراخالەكات, يا اسكانوو چي ابييا. جابارام ەليسابەت","saraxalekat, ya askanoo ci Abiya. Jabaram Elisabet","saraxalekat, ya askanuo ci abiia. Jabaram Elisabet",Erreur linguistique / structurelle
فوو جێم چي ساما خالە.,Foo jëm ci sama xale.,foo jëm ci sama xale.,Casse uniquement
موسال ما چي لي نار ا خەو,musal ma ci li nar a xew,Musal ma ci li nar a xew,Casse uniquement
"موو اموون بێكك-نێەگ بو ڽو جييڽ نە, دافاي پاسار-پاسارەە الال جي.","moo amoon bëkk-néeg bu ñu jiiñ ne, dafay pasar-pasaree alal ji.","yoo amoon bëkk-néeg bu ñu jiiñ ne, dafay pasar-palarareralararee alarerala.",Erreur linguistique / structurelle
سيب سەەن تور ڠير دوومو نيت كي.,sib seen tur ngir Doomu nit ki.,sib seen tur ngir doomu nit ki.,Casse uniquement
الل,àll,all,Diacritique uniquement
"جو دوومو نيت كي دي ڽێو, واايە دوڠەەن كو گيس.","ju Doomu nit ki di ñëw, waaye dungeen ko gis.","ju doomu nit ki di ñëw, waaye dungeen ko gis.",Casse uniquement
"نداختە خام نانو نە, تارييخا بووبا, كەنن جوبلووو كو فەنن.»","ndaxte xam nanu ne, tariixa booba, kenn jubluwu ko fenn.»","yànte xam nanu ne, tariixa booba, kenn jubloo ko fenn.»",Erreur linguistique / structurelle
"تووي گي, لو ڽوي دەف گاراب گو ووو گي?»","tooy gi, lu ñuy def garab gu wow gi?»","wooy gi, lu ñuy def garab gu woo gi?»",Erreur linguistique / structurelle
"نوپپي مبوولووم ڽي گێم چي يەروسالەم, ڽو يەبال بارناباس با انچوس.","noppi mbooloom ñi gëm ci Yerusalem, ñu yebal Barnabas ba Ancos.","noppi mbooloom ñi gëm ci Yerusalem, ñu yebal bar Ma àncos.",Erreur linguistique / structurelle
"با پيچچي اساماان ڽێو, تاگگ چيي چارام.»","ba picci asamaan ñëw, tàgg ciy caram.»","ba Picci asamaan ñëw, tàgg ciy caram.»",Casse uniquement
بێگالال,bégalal,bëgalal,Diacritique uniquement
سوو دەە لەكك لوي ينديل سا مورووم,Soo dee lekk luy indil sa moroom,soo dee lekk luy yidil sa moroom,Erreur linguistique / structurelle
بااي بي چي كاو دينا لەەن باال سەەني تووڽ يێەن يتام.,Baay bi ci kaw dina leen baal seeni tooñ yéen itam.,baay bi ci kaw dina leen baal seeni tooñ yéen itam.,Casse uniquement
"مارت ناگ اموون راكك جو تودد ماريااما,","Màrt nag amoon rakk ju tudd Maryaama,","mart nag amoon rakk ju tudd Maryaama,",Casse + diacritique
واايە وارونوو يەمالە تووڽو ااداما اك مايو,Waaye warunoo yemale tooñu Aadama ak mayu,waaye warunuo yemale tooñu aadama ak mayu,Erreur linguistique / structurelle
توپپاتوو,toppatoo,toppatuo,Erreur linguistique / structurelle
"واايە ڠير موي سەەن سورگا, با جوخە","waaye ngir muy seen surga, ba joxe","Waaye ngir muy seen surga, ba joxe",Casse uniquement
بيرەە,biree,Iiree,Erreur linguistique / structurelle
"رێي-ا-رێي لا ووون. نوونو ڽو خوول, گيس نە دوج وا دەڽ.","réy-a-réy la woon. Noonu ñu xool, gis ne doj wa deñ.","réy-a-réy la woon. Noonu ñu xool, gis ne duj wa deñ.",Erreur linguistique / structurelle
تاييەەل,tàyyeel,tayyeel,Diacritique uniquement
"ووو, دا لەەن ا اتتە ني ڽو","woo, da leen a àtte ni ñu","woow, da leen a àtte ni ñu",Erreur linguistique / structurelle
نە,ne,ee,Erreur linguistique / structurelle
"يوداا --دو يوداا يسكارييو دە, بەنەەن لا","Yudaa --du Yudaa Iskariyo de, beneen la","Yuddaa --du Yudaa Iskariyu de, beneen la",Erreur linguistique / structurelle
ياا ڠي گيس چي مارچهێ بي,Yaa ngi gis ci marché bi,yaa ngi gis ci marché bi,Casse uniquement
"بون لاي واخ, جێلە كو چا فا مو دەنچ لو بون.","bon lay wax, jële ko ca fa mu denc lu bon.","bun lay wax, jële ko ca fa mu denc lu bon.",Erreur linguistique / structurelle
"ڽو بارە, با چي مان ميي دي واخ اك يێەن.","ñu bare, ba ci man mii di wax ak yéen.","Ñu bare, ba cci man miy di wax ak yéen.",Erreur linguistique / structurelle
باات ا ڠي خااچو چا مانديڠ ما,Baat a ngi xaacu ca màndiŋ ma,baat a ngi xaacu ca màndiŋ ma,Casse uniquement
خوبي,xobi,xubi,Erreur linguistique / structurelle
"جاپپولەەن ما. واايە ليي ام نا, ڠير مبيند مي ام.»","jàppuleen ma. Waaye lii am na, ngir Mbind mi am.»","yàppuleen ma. Waaye liy am na, ngir mbind mi am.»",Erreur linguistique / structurelle
"ياللا, سانتال دوج ويي مو نەكك مبورو.»","Yàlla, santal doj wii mu nekk mburu.»","yalla, santal doj wiy mu nekk mburu.»",Erreur linguistique / structurelle
"تەگ چا نيكانور, تيمون, پارمەناس اك نيكولاس,","teg ca Nikanor, Timon, Parmenas ak Nikolas,","Teg ca nikanur, timon, parmenas ak nikulas,",Erreur linguistique / structurelle
دەميين,demiin,demin,Erreur linguistique / structurelle
ڽو بارە دەە; واايە ييوو ياللا اك,ñu bare dee; waaye yiwu Yàlla ak,Ñu bare dee; waaye yiwu Yàlla ak,Casse uniquement
"ڽو نوپپالو, ني كو يوون وي سانتاانەە.","ñu noppalu, ni ko yoon wi santaanee.","ñu noppalu, ni ku yoon wi santaanee.",Erreur linguistique / structurelle
ياو تاميت ام ڠا سولو لوول.,Yaw tamit am nga solo lool.,yaw tamit am nga solo lool.,Casse uniquement
"جێلە, تە خام-خام بيي مو يور, لو","jële, te xam-xam bii mu yor, lu","jële, te xam-xam biy mu yur, lu",Erreur linguistique / structurelle
"چا, تاكك كو چي بانتو گاراب گو","ca, takk ko ci bantu garab gu","ca, takk ku ci bantu garab gu",Erreur linguistique / structurelle
لااج كو اي باتااخال يو موي يۆببول,laaj ko ay bataaxal yu muy yóbbul,Laaj ko ay bataaxal yu muy yóbbul,Casse uniquement
"يەەسو دێگگ كاددو يوويو, دالدي نە نجييت","Yeesu dégg kàddu yooyu, daldi ne njiit","Yeesu dégg kàddu yooyu, daldi njiit",Erreur linguistique / structurelle
چا بێس با ڽو جاپپ ناگ ەرودد,Ca bés ba ñu jàpp nag Erodd,ca bés ba ñu jàpp nag Erodd,Casse uniquement
"ڽێپپ; كي جۆگە چي سووف ناگ, چي","ñépp; ki jóge ci suuf nag, ci","Ñépp; ki jóge ci suuf nag, ci",Casse uniquement
فاراندووي,farandooy,Farandooy,Casse uniquement
"نداخ سونو كيليفا يي داڽوو خام نە, مووي الماسي بي?","Ndax sunu kilifa yi dañoo xam ne, mooy Almasi bi?","Ndax sunu kilifa yi dañoo xam ne, mooy almasi bi?",Casse uniquement
لەەن ا جێببال. دێنك ناا ساما مبير سەساار.»,leen a jébbal. Dénk naa sama mbir Sesaar.»,leen a jébbal. Dënk naa sama mbir sesaar.»,Casse + diacritique
"ديندي ناڽو خەەر, وا ڽو كو وبە ووون.","dindi nañu xeer, wa ñu ko ube woon.","dindi nañu xeer, wa ñu ko weewuon.",Erreur linguistique / structurelle
"نوونو كورنەي نە كو جاكك, دالدي تييت","Noonu Korney ne ko jàkk, daldi tiit","Noonu korney ne ku jàkk, daldi tiit",Erreur linguistique / structurelle
بو بااخ بو يەەسو بورووم بي.,bu baax bu Yeesu Boroom bi.,bu baax bu Yeesu boroom bi.,Casse uniquement
واايە بي نو ڠەلاو لي سونالەە بو,Waaye bi nu ngelaw li sonalee bu,Waaye bi nu ngelaw li sunalee bu,Erreur linguistique / structurelle
وايوومماتو,waywommatu,wayoommatu,Erreur linguistique / structurelle
"ناكا لاڽو ڽێو چي كێر نجييت لي,","Naka lañu ñëw ci kër njiit li,","aka lañu ñëw ci kër njiit li,",Erreur linguistique / structurelle
"ياووت يا جييڽ. مو سانتاانە نە, ساراخالەكات","Yawut ya jiiñ. Mu santaane ne, saraxalekat","yawut ya jiiñ. Mu santaane ne, saraxalekat",Casse uniquement
"«ياو رێەووم سابولون اك رێەووم نەفتالي,دي يوونو","«Yaw réewum Sabulon ak réewum Neftali,di yoonu","«Yaw réewum Sabulon ak réewum neftali,di yoonu",Casse uniquement
"""وااو, داما ناڠوو.""","""Waaw, dama nangou.""","""Waaw, dama nanguu.""",Erreur linguistique / structurelle
"جييتو, نا توپپ چي گاننااو ڽێپپ تە نەكك سورگاب ڽێپپ.»","jiitu, na topp ci gannaaw ñépp te nekk surgab ñépp.»","yiitu, na topp ci gannaaw ñépp te nekk surgab ñépp.»",Erreur linguistique / structurelle
"لێەگي كات لورااڠەە ڠي نوي يووت, تە","Léegi kat loraangee ngi nuy yoot, te","léegi kat luraaŋgee ngi nuy yoot, te",Erreur linguistique / structurelle
چووبارەەم تە گيس اجي جوب جي تە ڠا دێگگ اي واخام.,coobareem te gis Aji Jub ji te nga dégg ay waxam.,coobareem te gis aji jub ji te nga dégg ay waxam.,Casse uniquement
"نوونو جيگێەن جا واچچ فا نجاقام, دالدي","Noonu jigéen ja wacc fa njaqam, daldi","Noonu jigéen ja wàcc fa njàqam, daldi",Diacritique uniquement
وەدديوول,weddiwul,weeduul,Erreur linguistique / structurelle
گێمێدي,gëmëdi,gëmédi,Diacritique uniquement
"ني بێسي نۆويين يا, نوونو لاي مەل,","Ni bési Nóoyin ya, noonu lay mel,","ni bési nóoyin ya, noonu lay mel,",Casse uniquement
واايە ليگگێەيكات يي بارەووڽو. ڽاانلەەن ناگ بورووم,waaye liggéeykat yi barewuñu. Ñaanleen nag Boroom,waaye liggéeykat yi barewuñu. Ñaanleen nag boroom,Casse uniquement
"جابار تە دو نجاالوو تاخ, بوو سێيااتەە اك كەنەەن, نجاالوو ڠا.»","jabar te du njaaloo tax, boo séyaatee ak keneen, njaaloo nga.»","yabar te du njaaloo tax, boo sëyaatee ak keneen, njaaloo nga.»",Erreur linguistique / structurelle
گاننااو لوولو نا نيت كو نەكك دێگگال,Gannaaw loolu na nit ku nekk déggal,Gannaaw loolu na nit ku nekk dëggal,Diacritique uniquement
"گيس ڽيي لييت اك توخورو, اك مبوولوو","gis ñiy liit ak toxoro, ak mbooloo","gis ñiy liyt ak toxoru, ak mbooloo",Erreur linguistique / structurelle
"مو نە كو: «كەنن, ساڠ بي.» يەەسو","Mu ne ko: «Kenn, Sang bi.» Yeesu","Mu ne ko: «Kenn, sang bi.» Yeesu",Casse uniquement
"ڽو ماي كالاامە, ڽووم ياووت يي.","ñu may kalaame, ñoom Yawut yi.","ñu may kalaame, ñoom yawut yi.",Casse uniquement
"گا, مارياامام ماگدالا اك ماريااما ما چا","ga, Maryaamam Magdala ak Maryaama ma ca","ga, maryaamam magdala ak Maryaama ma ca",Casse uniquement
"يونەنت بو تودد اگابوس جۆگە يودە, اگسي.","yonent bu tudd Agabus jóge Yude, agsi.","yonent bu tudd agabus jóge yude, agsi.",Casse uniquement
ڠا واخ كو كەم سا ڠێم;,nga wax ko kem sa ngëm;,nga wax ku kem sa ngëm;,Erreur linguistique / structurelle
يارام وي تاڠ نا.,Yaram wi tàng na.,yaram wi tàng na.,Casse uniquement
نجاقارە,njàqare,jjàqare,Erreur linguistique / structurelle
مو تونتو كو نە: «وااو بورووم بي.,Mu tontu ko ne: «Waaw Boroom bi.,mu tontu ko ne: «Waaw boroom bi.,Casse uniquement
بەنن چوگگال اي ام اك بەنن سامم.,Benn coggal ay am ak benn sàmm.,benn coggal ay am ak benn sàmm.,Casse uniquement
"كاييف, يۆببو كو چا كێر بورووم رێەو","Kayif, yóbbu ko ca kër boroom réew","kayif, yóbbu ko ca kër boroom réew",Casse uniquement
"مبووس يي, بييڽ بي توورو, مبووس يي ياقو.","mbuus yi, biiñ bi tuuru, mbuus yi yàqu.","mbuus yi, biyñ bi tuuru, mbuus yi yàqu.",Erreur linguistique / structurelle
"لاا وار ا دەف, با ام دوند گو دول جەەخ?»","laa war a def, ba am dund gu dul jeex?»","yaa war a def, ba am dund gu dul jeex?»",Erreur linguistique / structurelle
نەككاات,nekkaat,ekkaat,Erreur linguistique / structurelle
"وێرەە, كون سا يارام وێپپ لەەر. واايە","wéree, kon sa yaram wépp leer. Waaye","wëree, kon sa yaram wépp leer. Waaye",Diacritique uniquement
چەەب بي ڠي تووگ چي سااي بي.,Ceeb bi ngi toog ci saay bi.,ceeb bi ngi toog ci saay bi.,Casse uniquement
"وو بارە, تە اتتە لەەن جوب چي دارا فا كانامام.","wu bare, te àtte leen jub ci dara fa kanamam.","wo bare, te àtte leen jub ci dara fa kanamam.",Erreur linguistique / structurelle
«كيي نەە ووون نا: “مان ناا توج,«Kii nee woon na: “Man naa toj,«Kiy nee woon na: “Man naa toj,Erreur linguistique / structurelle
“لي نو يور دو دوي ڠير نون,“Li nu yor du doy ngir nun,“Li nu yor du duy ngir nun,Erreur linguistique / structurelle
"بوكك يي, سەەتلەەن سەەن نەككين, بي لەەن","Bokk yi, seetleen seen nekkin, bi leen","bokk yi, seetleen seen nekkin, bi leen",Casse uniquement
"نە پيلاات: «بول بيند: “بوورو ياووت,” بيندال","ne Pilaat: «Bul bind: “Buuru Yawut,” bindal","ne Pilaat: «Bul bind: “Buuru yawut,” bindal",Casse uniquement
"يۆببو ڠەەن ساخ فو نەكك تانت,بيي ماگگالوكاايو","Yóbbu ngeen sax fu nekk tànt,biy màggalukaayu","yóbbu ngeen sax fu nekk tànt,bii màggalukaayu",Erreur linguistique / structurelle
توگگ ناا چەەبو جێن بو نەەخ.,Togg naa ceebu jën bu neex.,togg naa ceebu jën bu neex.,Casse uniquement
جامونو دينا ڽێو تە اگسي نا با,jamono dina ñëw te agsi na ba,jamonu dina ñëw te agsi na ba,Erreur linguistique / structurelle
چا ێللێگ سا ناگ كيليفاي ياووت يي,Ca ëllëg sa nag kilifay Yawut yi,ca ëllëg sa nag kilifay yawut yi,Casse uniquement
"ام نا اي سورگا يو بارە, تە","am na ay surga yu bare, te","Am na ay surga yu bare, te",Casse uniquement
"بو لەەن لو بون ێپپ دوولە, واايە","Bu leen lu bon ëpp doole, waaye","bu leen lu bon ëpp doole, waaye",Casse uniquement
"تاخ ڠەەن اند, دي دييڠات خەلو بورووم","tax ngeen ànd, di diiŋat Xelu Boroom","tax ngeen ànd, di diiŋat xelu boroom",Casse uniquement
"كي جێمبێت ناگ اك كي سووخات, كەنن","Ki jëmbët nag ak ki suuxat, kenn","ki jëmbët nag ak ki suuxat, kenn",Casse uniquement
"يێەنەلەەن لو بااخ ڽي لەەن دي مۆولو,","Yéeneleen lu baax ñi leen di móolu,","yéeneleen lu baax ñi leen di móolu,",Casse uniquement
فاتوو ماا ڠي جاڠ وولوف,Fatou maa ngi jàng wolof,Fatoo maa ngi jàng wolof,Erreur linguistique / structurelle
يۆبب,yóbb,yóóbb,Erreur linguistique / structurelle
چي ساا سي اي تانكام اك اي كوستانام دێگێر.,Ci saa si ay tànkam ak ay kostanam dëgër.,ci saa si ay tànkam ak ay kostanam dégër.,Casse + diacritique
يي لااج كو چي پەگگ: «لو تاخ,yi laaj ko ci pegg: «Lu tax,yi laaj ko ci pegg:: «Lu tax,Ponctuation uniquement
مييكااييل,miikaayil,miykaayil,Erreur linguistique / structurelle
"دينا كو ينديل جامم. لو كو موي,","dina ko indil jàmm. Lu ko moy,","dina ko indil jàmm. Lu ko muy,",Erreur linguistique / structurelle
ماگگالو مبورو يا امول لاويير جەگە ووون,Màggalu Mburu ya amul lawiir jege woon,màggalu mburu ya amul lawiir jege woon,Casse uniquement
يەەسو سوپپوون نا مارت اك ماريااما اك لاساار.,Yeesu soppoon na Màrt ak Maryaama ak Lasaar.,yeesu soppoon na mart ak maryaama ak lasaar.,Casse + diacritique
"كو گيسە, موي دەم اساماان.»","ko gise, muy dem asamaan.»","ku gise, muy dem asamaan.»",Erreur linguistique / structurelle
ڽي جاپپ يەەسو يۆببو كو چي ساراخالەكات,Ñi jàpp Yeesu yóbbu ko ci saraxalekat,ñi jàpp Yeesu yóbbu ko ci saraxalekat,Casse uniquement
دێددالە,dëddale,déddale,Diacritique uniquement
"جالل دەخ گا, دەللو دێككام.","jàll dex ga, dellu dëkkam.","jall dex ga, dellu dëkkam.",Diacritique uniquement
سوننوون نا لوول چي لوخوي فاجكات يو,Sonnoon na lool ci loxoy fajkat yu,Sunnuon na lool ci loxoy fajkat yu,Erreur linguistique / structurelle
دە لا وببيل ساي بێت.» مو نە لەەن: «يونەنت لا.»,de la ubbil say bët.» Mu ne leen: «Yonent la.»,de la ubbil say bët.» Mu ne leen: «Y.»,Erreur linguistique / structurelle
مو تونتو نە: «خاوما نداخ بورووم باككاار,Mu tontu ne: «Xawma ndax boroom bàkkaar,mu tontu ne: «Xawma ndax boroom bàkkaar,Casse uniquement
"جو تودد داماريس, اك ڽەنەەن.","ju tudd Damaris, ak ñeneen.","ju tudd damaris, ak ñeneen.",Casse uniquement
"خوول چي كاو, سانت ياللا. مو دامم","xool ci kaw, sant Yàlla. Mu damm","xool ci kaw, sant yàlla. Mu damm",Casse uniquement
كاددو گي تە دەنچ كو چي خول,kàddu gi te denc ko ci xol,kàddu gi te denc ku ci xol,Erreur linguistique / structurelle
گەنەەن,geneen,eeneen,Erreur linguistique / structurelle
دوولە دوند چي كاتتانو خەل موومو دێكك چي يێەن.,doole dund ci kàttanu Xel moomu dëkk ci yéen.,doole dund ci kàttanu xel moomu dëkk ci yéen.,Casse uniquement
ياللا يۆننيوول دوومام چي اددينا ڠير مو,Yàlla yónniwul Doomam ci àddina ngir mu,Yàlla yónniwul doomam ci àddina ngir mu,Casse uniquement
بورووم بي تونتو كو: «ناافێق يي! نداخ,Boroom bi tontu ko: «Naaféq yi! Ndax,boroom bi tontu ko: «Naaféq yi! Ndax,Casse uniquement
"نوونو پييەەر اك يوواانا تەگ لەەن لوخو,","Noonu Piyeer ak Yowaana teg leen loxo,","Noonu Piyeer ak yowaana teg leen loxo,",Casse uniquement
ياخانتو,yaxantu,Yaxantu,Casse uniquement
"چي كاو لوولو ڽو بارە گێدد كو,","Ci kaw loolu ñu bare gëdd ko,","ci kaw loolu ñu bare gëdd ko,",Casse uniquement
ميين,miin,miyn,Erreur linguistique / structurelle
"جوللي نا چي ڽەەنتي خەبلا يێپپ,سەەن واخ وێر نا اددينا سێپپ.»","jolli na ci ñeenti xebla yépp,seen wax wër na àddina sépp.»","yulli na ci ñeenti xebla yépp,seen wax wér na dàddina addina sépp.»",Erreur linguistique / structurelle
ڽوي جاڠ بێسو نوفلااي بو نەكك; تەەوول,ñuy jàng bésu noflaay bu nekk; teewul,Ñuy jàng bésu noflaay bu nekk; teewul,Casse uniquement
يدرييسا,idriisa,diriisa,Erreur linguistique / structurelle
"چي نجاالوو, ياا كوي تەگتال يوونو نجاالوو.","ci njaaloo, yaa koy tegtal yoonu njaaloo.","ci njaaloo, yaa kuy tegtal yoonu njaaloo.",Erreur linguistique / structurelle
"نانو نە, دونو موس دارا, با كەرا نوي رەي پوول.","nanu ne, dunu mos dara, ba kera nuy rey Pool.","yanu ne, dunu Mus dara, ba kera nuy rey pool.",Erreur linguistique / structurelle
چي كاو لوولو مو نە سورگا يا:,Ci kaw loolu mu ne surga ya:,ci kaw loolu mu ne surga ya:,Casse uniquement
گێننلەەن,génnleen,gënnleen,Diacritique uniquement
وێرال,wéral,wëral,Diacritique uniquement
"تە ماريااما گيس نا كو, گێموڽو كو.","te Maryaama gis na ko, gëmuñu ko.","te maryaama gis na ko, gëmuñu ko.",Casse uniquement
"تييم سووف, ديناا وووتال نيت ڽێپپ چي مان.»","tiim suuf, dinaa wootal nit ñépp ci man.»","yimm suuf, dinaa wootal nit ñépp ci man.»",Erreur linguistique / structurelle
بێسي لايوو اك ڽو ييليف رێەو مي;,bési layoo ak ñu yilif réew mi;,Bési layoo ak ñu yilif réew mi;,Casse uniquement
"دييواانو يتورە اك بو تاراكونيت, تە ليساڽاس ييليف ابيلەن.","diiwaanu Iture ak bu Tarakonit, te Lisañas yilif Abilen.","Yiiwaanu iture ak bu tarakunit, te lisañas yilif abilef.",Erreur linguistique / structurelle
ڽو رەەتاان.,Ñu reetaan.,ñu reetaan.,Casse uniquement
ناكا سا دووم.,Naka sa doom.,naka sa doom.,Casse uniquement
"لوولو ام با موي ڽەتتي يوون, با","Loolu am ba muy ñetti yoon, ba","loolu am ba muy ñetti yoon, ba",Casse uniquement
نجێگ گي بانني يسراييل خايما ووون چي نيت كي;,njëg gi bànni Israyil xayma woon ci nit ki;,njég gi banni Israyil xayma woon ci nit ki;,Diacritique uniquement
اڤونس,avons,awuns,Erreur linguistique / structurelle
"واايە بەنەەن تااليبە با راو پييەەر, جێكك كو چا باممەەل با.","waaye beneen taalibe ba raw Piyeer, jëkk ko ca bàmmeel ba.","waaye beneen taalibe ba raw piyeer, jëkk ko ca bàmmeel ba.",Casse uniquement
ما فيتناال? ڠاي بێرە اك مان ني,ma fitnaal? Ngay bëre ak man ni,ma fitnaal? Ngay bére ak man ni,Diacritique uniquement
"سەەتلەەن بو بااخ, ني ڠەەن دي دێگلوو","Seetleen bu baax, ni ngeen di dégloo","seetleen bu baax, ni ngeen di dégluw",Erreur linguistique / structurelle
مايەە,mayee,Ayee,Erreur linguistique / structurelle
"مبوولوو مو بارە توپپ چي مووم, نداختە","Mbooloo mu bare topp ci moom, ndaxte","mbooloo mu bare topp ci moom, ndaxte",Casse uniquement
تاللال,tàllal,tallal,Diacritique uniquement
"بي كو موساا گيسەە, مو دالدي واارو","Bi ko Musaa gisee, mu daldi waaru","Bi ko musaa gisee, mu daldi waaru",Casse uniquement
"ا تەگ بەنەەن يەن, لو دول دێنكاانە ييي ام نجاريڽ,","a teg beneen yen, lu dul dénkaane yii am njariñ,","a teg beneen yen, lu dul dënkaane yiy am njariñ,",Erreur linguistique / structurelle
بەنن بێسو نوفلااي يەەسوو ڠي دوون جاڠالە چي اب جاڠو.,Benn bésu noflaay Yeesoo ngi doon jàngale ci ab jàngu.,benn bésu noflaay yeesoo ngi doon jàngale ci ab jàngu.,Casse uniquement
نداختەلەە,ndaxtelee,Ndaxtelee,Casse uniquement
"كون ڽو دالدي تەگگي كاو كێر گي,","Kon ñu daldi teggi kaw kër gi,","kon ñu daldi teggi kaw kër gi,",Casse uniquement
"پييەەر توپپ كو فو سورە, با چي","Piyeer topp ko fu sore, ba ci","Piyeer topp ku fu sore, ba ci",Erreur linguistique / structurelle
يەەسو وووتە اك كاددو گو دێگێر ناان:,Yeesu woote ak kàddu gu dëgër naan:,Yeesu woote ak kàddu gu dégër naan:,Diacritique uniquement
چي كێر ياللا گي اك كي چي دێكك.,ci kër Yàlla gi ak Ki ci dëkk.,ci kër Yàlla gi ak ki ci dëkk.,Casse uniquement
ماڠي لاي ڽاانال يەنە كوو باكه اك جامم.,Mangi lay ñaanal yene kou bakh ak jamm.,màngi lay ñaanal yene koo bàkk ak jàmm.,Erreur linguistique / structurelle
"بوومام. لێەگي ناگ نو ڠي جاامو ياللا,","buumam. Léegi nag nu ngi jaamu Yàlla,","boomam. Léegi nag nu ngi jaamu Yàlla,",Erreur linguistique / structurelle
"كەنن كا, مو دێنك كو جورۆومي ميليوڠ,","Kenn ka, mu dénk ko juróomi milyoŋ,","kenn ka, mu dénk ko juróomi miliwŋ,",Erreur linguistique / structurelle
"مو ووويە بووانەرسەس, مااناام «ڽي اايتال ني دێننو گي» —","mu wooye Bowanerses, maanaam «Ñi aaytal ni dënnu gi» —","mu wooye booanerses, maanaam «Ñi aaytal ni dénnu gi» —",Erreur linguistique / structurelle
بێگلە,bégle,bëgle,Diacritique uniquement
كي دينا ڽێو چي واختو وو ڠەەن كو سێەنووول.»,ki dina ñëw ci waxtu wu ngeen ko séenuwul.»,yi dina ñëw ci waxtu wu ngeen ko séenooul.»,Erreur linguistique / structurelle
مالااكا ما نە كو: «سولال سا مبوبب تە توپپ چي مان.»,Malaaka ma ne ko: «Solal sa mbubb te topp ci man.»,yalaaka ma ne ko: «Solal sa mbubb te topp ci man.»,Erreur linguistique / structurelle
"مي, مو ييليف كو مووم اك اسكانام, فەكك بووبا اماگول دووم.","mi, mu yilif ko moom ak askanam, fekk booba amagul doom.","mi, mu yilif ku moom ak askanam, fekk booba amagul doom.",Erreur linguistique / structurelle
لو ڠاي دەف چي ساما ليگگێەي.,Lu ngay def ci sama liggéey.,lu ngay def ci sama liggéey.,Casse uniquement
"سو فەككەە سا ڠێم دێگێر نا, وونە","Su fekkee sa ngëm dëgër na, wone","su fekkee sa ngëm dëgër na, wone",Casse uniquement
"بي نيت ڽووڽو دي سورە يەەسو, پييەەر","Bi nit ñooñu di sore Yeesu, Piyeer","Bi nit ñooñu di sure Yeesu, Piyeer",Erreur linguistique / structurelle
"لێەگي ماا ڠي گێنن اددينا, فەككي بااي بي.»","Léegi maa ngi génn àddina, fekki Baay bi.»","léegi maa ngi génn addina, fekki baay bi.»",Casse + diacritique
سامپ,samp,sàmp,Diacritique uniquement
لوي سا تودد.,Luy sa tudd.,luy sa tudd.,Casse uniquement
جانت بي واچچ نا چي گوددي گي,Jant bi wàcc na ci guddi gi,jant bi wàcc na ci guddi gi,Casse uniquement
"كو يێەنەە بيندال, نەتتالي لا ني خەو-خەو يوويو دەمە ووون تەمبە.","ko yéenee bindal, nettali la ni xew-xew yooyu deme woon tembe.","ké yéenee bindal, nettali la ni xew-xew yooyuddimbo.N tembe.",Erreur linguistique / structurelle
"موي نەلاو واللا موي خوول, گوددي مباا","Muy nelaw walla muy xool, guddi mbaa","yuy nelaw walla muy xool, guddi mbaa",Erreur linguistique / structurelle
«داماا ڽێو ڠير يندي سافارا سي چي,«Damaa ñëw ngir indi safara si ci,«Damaa ñëw ngir yidi safara si ci,Erreur linguistique / structurelle
باننەەخام,bànneexam,banneexam,Diacritique uniquement
ماتتوم,mattum,màttum,Diacritique uniquement
"دێكك يەروسالەم اك دييواانو يودە, اك واا دەخو يوردان.","dëkk Yerusalem ak diiwaanu Yude, ak waa dexu Yurdan.","dëkk Yerusalem ak diiwaanu Yude, ak waa dexu yurdan.",Casse uniquement
ندابب لو خەەڽ لو ڽوي واخ ميير.,ndàbb lu xeeñ lu ñuy wax miir.,Ndàbb lu xeeñ lu ñuy wax Miyr.,Erreur linguistique / structurelle
ويچچاخ,wiccax,wcccax,Erreur linguistique / structurelle
"ماگگ? يونەنت يي يتام فااتو ناڽو. وااو, لوو تەگ سا بوپپ?»","màgg? Yonent yi itam faatu nañu. Waaw, loo teg sa bopp?»","yàgg? yonent yi itam faatu nañu. Woa , lu teg sa bopp?»",Erreur linguistique / structurelle
نداختە چي ساما بيير خول يوونو ياللا وي نەەخ نا ما.,Ndaxte ci sama biir xol yoonu Yàlla wi neex na ma.,ndaxte ci sama biir xol yoonu Yàlla wal,Erreur linguistique / structurelle
"دوگگ چي گاال, دي جالل دەخ گي,","dugg ci gaal, di jàll dex gi,","dugg ci gaal, di jall dex gi,",Diacritique uniquement
كي جوت كاددو گي چي سووف سو,Ki jot kàddu gi ci suuf su,ki jot kàddu gi ci suuf su,Casse uniquement
"نيت ڽاا ڠا جاپپوون يەەسو, دي كو","Nit ñaa nga jàppoon Yeesu, di ko","nit ñaa nga jàppoon Yeesu, di ko",Casse uniquement
دەفەووكو,defewuko,defewuku,Erreur linguistique / structurelle
بي ڽو چا تەگەە لوي توللووك ايو-بێس,Bi ñu ca tegee luy tollook ayu-bés,Bi ñu ca tegee luy tollook ayu--bés,Ponctuation uniquement
نوييوو,nuyyoo,Nuyyoo,Casse uniquement
"ماي نەكك اددينا, ڠير ڽو فەەس اك ساما مبێگ.","may nekk àddina, ngir ñu fees ak sama mbég.","may nekk addina, ngir ñu fees ak sama mbég.",Diacritique uniquement
فوڽ,foñ,fuñ,Erreur linguistique / structurelle
"بو ساما كيليفتەەف نەككوون اددينا, ساما سورگا","Bu sama kilifteef nekkoon àddina, sama surga","Bu sama kilifteef nekkoon addina, sama surga",Diacritique uniquement
"لو ڠەەن ڽاان چي ساما تور, ماا كوي دەف.","Lu ngeen ñaan ci sama tur, maa koy def.","lu ngeen ñaan ci sama tur, maa koy def.",Casse uniquement
"بااي با, جوت نا. كو بێگگ ڽوڽام","Baay ba, jot na. Ku bëgg ñoñam","baay ba, jot na. Ku bëgg ñuñam",Erreur linguistique / structurelle
مووما,muuma,mooma,Erreur linguistique / structurelle
بي ما بااي بي سێدد?»,bi ma Baay bi sédd?»,bi ma baay bi sédd?»,Casse uniquement
"خەەج, جام كو كو چي وەت, چا","xeej, jam ko ko ci wet, ca","xeej, jam ku ko ci wet, ca",Erreur linguistique / structurelle
واايە ياخيا يەدد نا ەرودد بورووم دييواانو,Waaye Yaxya yedd na Erodd boroom diiwaanu,waaye Yaxya yedd na Erodd boroom diiwaanu,Casse uniquement
مان ا دەم اي اتي ات; نوپپالال,man a dem ay ati at; noppalal,man a dem ay àti at; noppalal,Diacritique uniquement
"ڽيببي ناڽو, بەنن مالااكام بورووم بي فەەڽو","ñibbi nañu, benn malaakam Boroom bi feeñu","Ñibbi nañu, benn malaakam boroom bi feeñu",Casse uniquement
"نە كو: «ساڠ بي, سوو كو بێگگەە, مان ڠا ماا فاج.»","ne ko: «Sang bi, soo ko bëggee, man nga maa faj.»","ye ko: «Sang bi, suu ko bëggee, man nga maa faj.»",Erreur linguistique / structurelle
تێەن,téen,éeen,Erreur linguistique / structurelle
"ياللا تاكك ناگ, بو كو نيت تاس.»","Yàlla takk nag, bu ko nit tas.»","yalla takk nag, bu ko nit tas.»",Casse + diacritique
"فووگە, نداختە نو ڠي چي يوور-يوور رەكك.","fooge, ndaxte nu ngi ci yoor-yoor rekk.","fooge, ndaxte nu ngi ci yuur-yoor rekk.",Erreur linguistique / structurelle
"مولوگ اك بيددييووب رەفان,بي ڽو داان بوككاالەەل","Molog ak biddiiwub Refan,bi ñu daan bokkaaleel","Mullug ak biddiiwub refan,bi ñu daan bokkaaleel",Erreur linguistique / structurelle
يومي,yumi,yomi,Erreur linguistique / structurelle
"بێراب بو مو يەللوووول; كيي جاڠ, نا","bérab bu mu yelloowul; kiy jàng, na","bérab bu mu yellooul; kiy jàng, na",Erreur linguistique / structurelle
واروگارو كێر ياللا گا ڽێو چي پييەەر,warugaru kër Yàlla ga ñëw ci Piyeer,warugaru kër Yàlla ga ñëw ci piyeer,Casse uniquement
باككاارو كەنن نيت تاخ نا دەە تاببي,Bàkkaaru kenn nit tax na dee tàbbi,bàkkaaru kenn nit tax na dee tàbbi,Casse uniquement
ديمباليكات بي دو ڽێو چي يێەن; واايە,Dimbalikat bi du ñëw ci yéen; waaye,dimbalikat bi du ñëw ci yéen; waaye,Casse uniquement
"كو دوگگال چيگ كامب, واللا دي چي","ko duggal cig kàmb, walla di ci","ku duggal cig kàmb, walla di ci",Erreur linguistique / structurelle
"اك ساا, يي بااي بي دوگال چي","ak saa, yi Baay bi dogal ci","ak saa, yi baay bi dugal ci",Erreur linguistique / structurelle
مو تونتو لەەن نە: «واختو وي ڽو,Mu tontu leen ne: «Waxtu wi ñu,mu tontu leen ne: «Waxtu wi ñu,Casse uniquement
"فو ڠەەن بوكك. يێەن ڽێپپ سورەلەەن ما, دەفكاتي لو بون يي!”","fu ngeen bokk. Yéen ñépp soreleen ma, defkati lu bon yi!”","fu ngeen bokk. Yéen ñépp sureleen ma, defkati lu bon yi!”",Erreur linguistique / structurelle
ڠەەن خاار لي بااي بي ديگە ووون,ngeen xaar li Baay bi dige woon,ngeen xaar li baay bi dige woon,Casse uniquement
"سوول دێگگەە, ڽو سيب كو با خوتتي","Sool déggee, ñu sib ko ba xotti","sool déggee, ñu sib ko ba xotti",Casse uniquement
ني ما بااي بي دي ديگالە رەكك,Ni ma Baay bi di digale rekk,ni ma baay bi di digale rekk,Casse uniquement
چي خام? نداخ دينا ڽێو چي ماگگال گي واللا دێەت?»,ci xam? Ndax dina ñëw ci màggal gi walla déet?»,yi xam? Ndax dina ñëw ci màggal gi wàlla déet?»,Erreur linguistique / structurelle
"واخ مبورو يا امول لاويير, تااليبە يي","wax Mburu ya amul lawiir, taalibe yi","wax mburu ya amul lawiir, taalibe yi",Casse uniquement
وي,wi,yuy,Erreur linguistique / structurelle
"ڽاان نە: «ساما بااي, بو مانەە ام,","ñaan ne: «Sama Baay, bu manee am,","ñaan ne: «Sama baay, bu manee am,",Casse uniquement
يا اك فاريسەن يا لااج لەەن نە: «لو تاخ ينديوولەەن كو?»,ya ak Farisen ya laaj leen ne: «Lu tax indiwuleen ko?»,ya ak Farisen ya laaj leen ne: «Lu tax yidooleen ko?»,Erreur linguistique / structurelle
يوم,yum,yom,Erreur linguistique / structurelle
تێەرەب,téereb,éeereb,Erreur linguistique / structurelle
"اك سەەن مورووم, با راو ڽي بوكك چي لەەرو ياللا.»","ak seen moroom, ba raw ñi bokk ci leeru Yàlla.»","yak seen moroom, ba raw ñi bokk ci leeru Yàlla.»",Erreur linguistique / structurelle
نوونو دوومو نيت كي مووي بورووم بێسو نوفلااي بي.»,Noonu Doomu nit ki mooy boroom bésu noflaay bi.»,Noonu doomu nit ki mooy boroom bésu noflaay bi.»,Casse uniquement
كو نەكك چي جورۆوم-ڽاار ڽي ماس نا كوو تاكك?»,ku nekk ci juróom-ñaar ñi mas na koo takk?»,yu nekk ci juróom-ñaar ñi mas na koo takk?»,Erreur linguistique / structurelle
"نا بانني يسراييل اب ديير, با بێس","na bànni Israyil ab diir, ba bés","na banni Israyil ab diir, ba bés",Diacritique uniquement
"واايە بو فەككەە نە ندوگالو ياللا لا,","Waaye bu fekkee ne ndogalu Yàlla la,","Waaye bu fekkee ne ndugalu Yàlla la,",Erreur linguistique / structurelle
"ساما خەل چي مووم,موي يێگال خەەت يي يوونو نجوب.","sama Xel ci moom,muy yégal xeet yi yoonu njub.","sama xel ci moom,muy yégal xeet yi yoonu njub.",Casse uniquement
"واايە اندول اك مووم, با كەرا مو موچچ.","Waaye àndul ak moom, ba kera mu mucc.","waaye àndul ak moom, ba kera mu mucc.",Casse uniquement
"موي ڽي جاڠ ني گەرەگ يي, موي","muy ñi jàng ni Gereg yi, muy","Muy ñi jàng ni gereg yi, muy",Casse uniquement
چاللالاي,càllalay,callalay,Diacritique uniquement
دوون ووتتو الالو ەرودد; اك سوسانن اك,doon wottu alalu Erodd; ak Susànn ak,doon wuttu alalu Erodd; ak sosann ak,Erreur linguistique / structurelle
لامب,làmb,lamb,Diacritique uniquement
"فەەباروون, باي بێگگ ا دەە.","feebaroon, bay bëgg a dee.","feebaruon, bay bëgg a dee.",Erreur linguistique / structurelle
ناندال,nàndal,nandal,Diacritique uniquement
يێرێي,yéréy,yérëy,Diacritique uniquement
تااليبە يي نە كو: «لێەگي ياا ڠي,Taalibe yi ne ko: «Léegi yaa ngi,taalibe yi ne ko: «Léegi yaa ngi,Casse uniquement
"نوونو خارەكات يا دەم, دامم تانكي كو","Noonu xarekat ya dem, damm tànki ku","Noonu xarekat ya dem, dàmm tànki ku",Diacritique uniquement
"نە دوڽو دەە, تە گيسوڽو دوومو نيت كي ڽێو چي ڠوورام.»","ne duñu dee, te gisuñu Doomu nit ki ñëw ci nguuram.»","ne duñu dee, te gisuñu doomu nit ki ñëw ci nguurci nguuram.»",Erreur linguistique / structurelle
"چيب يونەنت, بي مو ناان:«ووو ناا ساما دووم, مو گێنن ميسرا.»","cib yonent, bi mu naan:«Woo naa sama doom, mu génn Misra.»","yib yonent, bi mu naan:«Oow naa sama doom, mu génn misra.»",Erreur linguistique / structurelle
"وونە ناا سا ندام چي اددينا, نداخ","Wone naa sa ndam ci àddina, ndax","wone naa sa ndam ci àddina, ndax",Casse uniquement
"بااي بي بێگگ نا ما, نداختە داماي","Baay bi bëgg na ma, ndaxte damay","baay bi bëgg na ma, ndaxte damay",Casse uniquement
"بي پوول ەگگەە چا يێەگوكاايو تاتا جا,","Bi Pool eggee ca yéegukaayu tata ja,","bi Pool eggee ca yéegukaayu tata ja,",Casse uniquement
توددە ڽي فارلو چي مووم سەەن رێەو;,tudde Ñi farlu ci moom seen réew;,tudde ñi farlu ci moom seen réew;,Casse uniquement
نداختە مووم لا نو بورووم بي سانت,Ndaxte moom la nu Boroom bi sant,Ndaxte moom la nu boroom bi sant,Casse uniquement
"دالدي جيب. ڽەنن چا خوتباكات, يا بوكك","daldi jib. Ñenn ca xutbakat, ya bokk","daldi jib. Ñenn ca xotbakat, ya bokk",Erreur linguistique / structurelle
"دو يت فيتنا, دو خييف واللا رافلە,","du it fitna, du xiif walla rafle,","du it fitna, du xiif wàlla rafle,",Diacritique uniquement
كو مبيند مي واخە نە: «نوونو لا سا اسكان دي مەلي.»,ko Mbind mi waxe ne: «Noonu la sa askan di meli.»,ko mbind mi waxe ne: «Noonu la sa askan di meli.»,Casse uniquement
"گيس, با كەرا دوومو نيت كي دەككي.»","gis, ba kera Doomu nit ki dekki.»","gis, ba kera doomu nit ki dekki.»",Casse uniquement
جومبااتە,jombaate,jumbaate,Erreur linguistique / structurelle
"ساخ, نەكك گاراب, با پيچچي اساماان ڽێو, تاگگ چيي چارام.»","sax, nekk garab, ba picci asamaan ñëw, tàgg ciy caram.»","sax, nekk garab, ba Picci asamaan ñëw, tàgg ciy caram.»",Casse uniquement
مو نە ما: “سونو ياللاي ماام تانن,Mu ne ma: “Sunu Yàllay maam tànn,mu ne ma: “Sunu Yàllay maam tànn,Casse uniquement
"دي خاملە مبيروم دوومام, يەەسو كيريست سونو","di xamle mbirum Doomam, Yeesu Kirist sunu","di xamle mbirum doomam, Yeesu Kirist sunu",Casse uniquement
يێەخالال,yéexalal,ééealal,Erreur linguistique / structurelle
موي واخ اك دي وەرانتە اك ياووت,Muy wax ak di werante ak Yawut,muy wax ak di werante ak Yawut,Casse uniquement
"واچچە, مااناام چي جێممام, كيريست مي دي","wàcce, maanaam ci jëmmam, Kirist mi di","wàcce, maanaam ci jëmmam, kirist mi di",Casse uniquement
"بي لەەن ياخيا گيسەە, مو نە لەەن:","bi leen Yaxya gisee, mu ne leen:","Bi leen Yaxya gisee, mu ne leen:",Casse uniquement
"چي كاو لوولو ڽو دالدي ڽاان يەەسو, مو سورە سەەن رێەو.","Ci kaw loolu ñu daldi ñaan Yeesu, mu sore seen réew.","ci kaw loolu ñu daldi ñaan yeesu, mu sure seen.réew.",Erreur linguistique / structurelle
تە ڽاانال ڽي لەەن دي سونال.,te ñaanal ñi leen di sonal.,te ñaanal ñi leen di sunal.,Erreur linguistique / structurelle
"چي كاو لوولو نيت ڽێپپ جاپپ سوستەن,","Ci kaw loolu nit ñépp jàpp Sosten,","ci kaw loolu nit ñépp jàpp sosten,",Casse uniquement
"فاريسەن يا, نەتتالي لەەن لا يەەسو دەفوون.","Farisen ya, nettali leen la Yeesu defoon.","farisen ya, nettali leen la Yeesu defoon.",Casse uniquement
"«ديڠەەن توروخ, يێەن واا كوراسين اك واا","«Dingeen torox, yéen waa Korasin ak waa","«Dingeen torox, yéen waa Kurasin ak waa",Erreur linguistique / structurelle
"توول يا, سێف كو بانت, با ڽوي","tool ya, sëf ko bant, ba ñuy","tool ya, sëf ku bant, ba ñuy",Erreur linguistique / structurelle
نجوب,njub,jjub,Erreur linguistique / structurelle
"دوومو ماريااما تە ماگو سااگ, يووسوفا, يودا","doomu Maryaama te magu Saag, Yuusufa, Yuda","doomu Maryaama te magu saag, yuusufa, Yuda",Casse uniquement
"بو تااليبە يەمەە اك كيليفاام دەمين, دوي","Bu taalibe yemee ak kilifaam demin, doy","Bu taalibe yemee ak kilifaam demin, duy",Erreur linguistique / structurelle
لەەن كو دەفال; نداختە لوولو موو ێمب,leen ko defal; ndaxte loolu moo ëmb,leen ku defal; ndaxte loolu moo ëmb,Erreur linguistique / structurelle
"كون نانو باييەە تەگانتە تووڽ, واايە نو","Kon nanu bàyyee tegante tooñ, waaye nu","kon nanu bàyyee tegante tuuñ, waaye nu",Erreur linguistique / structurelle
چا گاننااو ێللێگ سا ڽو فەكك كو,Ca gannaaw ëllëg sa ñu fekk ko,ca gannaaw ëllëg sa ñu fekk ku,Erreur linguistique / structurelle
لي ما يندي چي كورەەلو اتتەكات ييي,Li ma indi ci kureelu àttekat yii,li ma indi ci koreelu àttekat yiy,Erreur linguistique / structurelle
"بو فێگگەە بونت با, ڽو وببيل كو چا ساا سا.","bu fëggee bunt ba, ñu ubbil ko ca saa sa.","bu féggee bunt ba, ñu bbbil ko ca saa sa.",Erreur linguistique / structurelle
"ناگ, ڠا تەگ كو ني كو گێمول ياللا مباا اب جووتيكات.","nag, nga teg ko ni ku gëmul Yàlla mbaa ab juutikat.","yag, nga teg ku ni ko gëmul Yàlla mbaa ab juutikat.",Erreur linguistique / structurelle
ڽو نە كو: «بان فيرندە ڠا نو,Ñu ne ko: «Ban firnde nga nu,ñu ne ko: «Ban firnde nga nu,Casse uniquement
خێيەە,xëyee,xéyee,Diacritique uniquement
"ناافێق, جێككال ا ديندي گانج گي چي","Naaféq, jëkkal a dindi gànj gi ci","naaféq, jëkkal a dindi gànj gi ci",Casse uniquement
كون ناگ ياووت يو بارە گێم اك,Kon nag Yawut yu bare gëm ak,kon nag yawut yu bare gëm ak,Casse uniquement
نداختە خامال ناا لەەن كاددو يي ڠا,ndaxte xamal naa leen kàddu yi nga,Ndaxte xamal naa leen kàddu yi nga,Casse uniquement
"سەەن بااي بي چي كاو باال لەەن سەەني تووڽ, يێەن يتام.»","seen Baay bi ci kaw baal leen seeni tooñ, yéen itam.»","Yeen baay bi ci kaw baal leen seeni tooñ, yéen itam.»",Erreur linguistique / structurelle
ا تووتي چي جيوو يێپپ;,a tuuti ci jiwu yépp;,a tooti ci jiwu yépp;,Erreur linguistique / structurelle
"رێب ميي, نداختە امول دارا لو كو وارال.»","rëb mii, ndaxte amul dara lu ko waral.»","rëb miy, ndaxte amul dara lu ko waral.»",Erreur linguistique / structurelle
"تەەروب سەڽسەرە, مو واتلو بوپپام, نداختە ام","teerub Señsere, mu watlu boppam, ndaxte am","Teerub señsere, mu wàtlu boppam, ndaxte am",Casse + diacritique
واايە سونوي باككان ساخ خاج نا چي.»,waaye sunuy bakkan sax xaj na ci.»,waaye sunuy bàkkan sax xaj na ci.»,Diacritique uniquement
مي جوددوو انچوس تە تووب چي يوونو ياووت يا.,mi juddoo Ancos te tuub ci yoonu Yawut ya.,mi juddoo ancos te tuub ci yoonu Yawut ya.,Casse uniquement
يەەسو نە لەەن اتي: «لي گێنن چي,Yeesu ne leen ati: «Li génn ci,Yeesu ne leen àti: «Li génn ci,Diacritique uniquement
"رێي, ڽو اند اك مووم بێگ.","réy, ñu ànd ak moom bég.","réy, ñu ànd ak moom bëg.",Diacritique uniquement
ماريااما نە كو: «جااموب بورووم بي لاا.,Maryaama ne ko: «Jaamub Boroom bi laa.,maryaama ne ko: «Jaamub boroom bi laa.,Casse uniquement
"بااخ بو كاددوگ بورووم بي, ڽووم اك ڽەنەەن ڽو بارە.","baax bu kàddug Boroom bi, ñoom ak ñeneen ñu bare.","baax bu kàddug boroom bi, ñoom ak ñeneen ñu bare.",Casse uniquement
"جاار چي واللي فەنيسي اك ساماري, دي","jaar ci wàlli Fenisi ak Samari, di","jaar ci walli fenisi ak samari, di",Casse + diacritique
"نەكك لەەرو ڽي دول ياووت,ڠير ڠا يۆببو","nekk leeru ñi dul Yawut,ngir nga yóbbu","Eekk leeru ñi dul Yawut,ngir nga yóbbu",Erreur linguistique / structurelle
راڠو,ràngu,rangu,Diacritique uniquement
"ياووت يا تامبالي دي ڽورومتوو يەەسو, نداختە","Yawut ya tàmbali di ñurumtoo Yeesu, ndaxte","yawut ya tàmbali di ñoromtoo yeesu, ndaxte",Erreur linguistique / structurelle
انا بورووم خام-خام بي? انا كااڠ مي?,Ana boroom xam-xam bi? Ana kaaŋ mi?,ana boroom xam-xam bi? Ana kaaŋŋ mi?,Erreur linguistique / structurelle
يەەسو يتام سوگ ا دەم تە كەنن يێگو كو; سييوالول دەمام.,Yeesu itam sog a dem te kenn yégu ko; siiwalul demam.,Yeesu itam sug a dem te kenn yégu ko; Siiwalul demam.,Erreur linguistique / structurelle
"گۆور اك جيگێەن, دي گێم بورووم بي, تەي تاق چي ڽووم.","góor ak jigéen, di gëm Boroom bi, tey taq ci ñoom.","góor ak jigéen, di gëm boroom bi, tey tàq ci ñoom.",Casse + diacritique
"كو: ‘بااي, تووڽ ناا ياللا, تووڽ ناا لا;","ko: ‘Baay, tooñ naa Yàlla, tooñ naa la;","ko: «Baay, tooñ naa yàlla, tooñ naa la;",Erreur linguistique / structurelle
چا ساا سا مو دالدي گيس. نوونو,Ca saa sa mu daldi gis. Noonu,ca saa sa mu daldi gis. Noonu,Casse uniquement
راگال اي جێفام دي فەەڽ بێچچێگو نداراكامم.,ragal ay jëfam di feeñ bëccëgu ndarakàmm.,ragal ay jëfam di feeñ bëccëgu ndarakamm.,Diacritique uniquement
"دالدي جۆگ, تە چا ڽاارەەلو فان با نو تەەر پوسول.","daldi jóg, te ca ñaareelu fan ba nu teer Pusol.","Yàldi jóg, te ca ñaareelu fan ba nu teer posul.",Erreur linguistique / structurelle
"كيريست اك چي بێگگانتە, گي خەلو ياللا","Kirist ak ci bëggante, gi Xelu Yàlla","Kirist ak ci bëggante, gi xelu Yàlla",Casse uniquement
سورگا بو بااخ ڠا تە تاككو. گاننااو,surga bu baax nga te takku. Gannaaw,sorga bu baax nga te takku. Gannaaw,Erreur linguistique / structurelle
"كو دێگلو تە ناڠو واخي بااي بي, دينا ڽێو چي مان.","ku déglu te nangu waxi Baay bi, dina ñëw ci man.","ku déglu te nangu waxi baay bi, dina ñëw ci man.",Casse uniquement
مو نە مبوولوو ما: «ام نا جورۆوم-بەنني,mu ne mbooloo ma: «Am na juróom-benni,Mu ne mbooloo ma: «Am na juróom-benni,Casse uniquement
بااي بي دەم چي ونيڤەرسيتێ بي,Baay bi dem ci université bi,baay bi dem ci université bi,Casse uniquement
واايە ڽوي يووخو ناان: «دااج كو چي,Waaye ñuy yuuxu naan: «Daaj ko ci,waaye ñuy yuuxu naan: «Daaj ko ci,Casse uniquement
لو ڠاي دەف چي گوددي.,Lu ngay def ci guddi.,lu ngay def ci guddi.,Casse uniquement
جورتوون,jortoon,jurtoon,Erreur linguistique / structurelle
گي نەە نا: ساما جامونو جەگە نا;,gi nee na: Sama jamono jege na;,gi nee na: sama jamono jege na;,Casse uniquement
لي ڽوي واخ اگ ندوف چا واللو,Li ñuy wax ag ndof ca wàllu,li ñuy wax ag ndof ca wàllu,Casse uniquement
هوود,huud,huuu,Erreur linguistique / structurelle
او ييو; مو ڠي اك ياو.»,aw yiw; mu ngi ak yaw.»,waw yiw; mu ngi ak yaw.»,Erreur linguistique / structurelle
"بااي بي چي كاو جيوول, دەەس نا كو بوددي.","Baay bi ci kaw jiwul, dees na ko buddi.","baay bi ci kaw jiwul, dees na ko buddi.",Casse uniquement
نەككلەەن,nekkleen,ekkleen,Erreur linguistique / structurelle
اجي كاوە جي; كا چاي دوگگ مووي,Aji Kawe ji; ka cay dugg mooy,Aji kawe ji; ka cay dugg mooy,Casse uniquement
مبير يو گێن ا رێي ييي.»,mbir yu gën a réy yii.»,mbir yu gën a réy yiy.»,Erreur linguistique / structurelle
"اك ساماي بوكك لوسييوس, ياسون اك سوسيپاتەر.","ak samay bokk Lusiyus, Yason ak Sosipater.","ak samay bokk lusiyus, Yason ak sosipater.",Casse uniquement
"جاڠورو يي دي لەەن باييي, راب ياي گێنن چي ڽووم.","jàngoro yi di leen bàyyi, rab yay génn ci ñoom.","jànguru yi di leen bàyyi, rab yay génn ci ñoom.",Erreur linguistique / structurelle
موساا ناگ دي كو يەەوو چي خام-خامو,Musaa nag di ku yeewu ci xam-xamu,Musaa nag di ko yeewu ci xam-xamu,Erreur linguistique / structurelle
يودە. يووسوفاا ڠا بوككوون چا كورەەلو اتتەكات,Yude. Yuusufaa nga bokkoon ca kureelu àttekat,Yude. Yuusufaa nga bokkoon ca koreelu àttekat,Erreur linguistique / structurelle
لي دووم جي گانە اددينا.,li doom ji gane àddina.,li doom ji gane addina.,Diacritique uniquement
فاسوووون,fasuwoon,fasooun,Erreur linguistique / structurelle
فووفا ڽو تامبالي دي كو سوسال ناان:,Foofa ñu tàmbali di ko sosal naan:,foofa ñu tàmbali di ko sosal naan:,Casse uniquement
"بوو گێمەە, ديڠا گيس ندامو ياللا?»","boo gëmee, dinga gis ndamu Yàlla?»","yoo gëmee, dinga gis ndamu Yàlla?»",Erreur linguistique / structurelle
"باككان, با مەل ني كو ڽو دااج","bakkan, ba mel ni ku ñu daaj","bàkkan, ba mel ni ku ñu daaj",Diacritique uniquement
يێەمە,yéeme,ééeme,Erreur linguistique / structurelle
يێەن,yéen,ééen,Erreur linguistique / structurelle
ڠەەن ما لااج?» ڽو تونتو كو: «وااو ساڠ بي.»,ngeen ma laaj?» Ñu tontu ko: «Waaw Sang bi.»,ngeen ma laaj?» Ñu tontu ko: «Waaw sàng bi.»,Casse + diacritique
بووبا ناگ ڽيي ڽوو اند اك مووم:,Booba nag ñii ñoo ànd ak moom:,booba nag ñiy ñoo and ak moom:,Erreur linguistique / structurelle
"كو ما تەگ ساماي لوخو, ڠا جوت خەل مو سەلل مي.»","ku ma teg samay loxo, nga jot Xel mu Sell mi.»","ku ma teg samay loxo, nga jot xel mu Sell mi.»",Casse uniquement
لووسام,loosam,luusam,Erreur linguistique / structurelle
"خاناا نون ڽێپپ, دانو دول داجەجي فا","Xanaa nun ñépp, danu dul dajeji fa","xanaa nun ñépp, danu dul dajeji fa",Casse uniquement
چا ێللێگ سا نو تەەر سيدون; يوليوس,Ca ëllëg sa nu teer Sidon; Yulyus,ca ëllëg sa nu teer sidon; Yuliws,Erreur linguistique / structurelle
ماا ڠي ناان ندوخ.,Maa ngi naan ndox.,maa ngi naan ndox.,Casse uniquement
"بو جيگێەن بو تودد تابيتا, ليي تەككي","bu jigéen bu tudd Tabita, liy tekki","Bu jigéen bu tudd tabita, liy tekki",Casse uniquement
سونو بيير! ياللا واللوسي نا مبوولووم!»,sunu biir! Yàlla wallusi na mbooloom!»,Yunu biyr! Yàlla wàllusi na mbooloom!»,Erreur linguistique / structurelle
"بي ڽوي وەرانتە, بەنن خوتباكات ڽێو, دێگگ","Bi ñuy werante, benn xutbakat ñëw, dégg","Bi ñuy werante, benn xutbakat ñëw, dëgg",Diacritique uniquement
"مي اك ساگو, نو دێنك لەەن ليگگێەي بيي.","mi ak sago, nu dénk leen liggéey bii.","mi ak sagu, nu dénk leen liggéey bii.",Erreur linguistique / structurelle
اب,ab,bab,Erreur linguistique / structurelle
"نو ووت تااليبە يا, با گيس لەەن,","Nu wut taalibe ya, ba gis leen,","nu wut taalibe ya, ba gis leen,",Casse uniquement
گاراب گي گودد نا بو رێي.,Garab gi gudd na bu rëy.,garab gi gudd na bu réy.,Casse + diacritique
"لافاڽ بي خوول لەەن, يااكاار نە دينا جوت دارا چي ڽووم.","Lafañ bi xool leen, yaakaar ne dina jot dara ci ñoom.","lafañ bi xool leen, yaakaar ne dina jot dara ci ñoom.",Casse uniquement
نجييتو مبوولوو مو ڽوي واخ ناسارێەن.,njiitu mbooloo mu ñuy wax Nasaréen.,Yàitu mbooloo mu ñuy wax nasaréen.,Erreur linguistique / structurelle
چا واختو ووووو كەنن چي فوككي تااليبە,Ca waxtu woowu kenn ci fukki taalibe,ca waxtu woowu kenn ci fukki taalibe,Casse uniquement
كەرووگ لا نجييتي ياووت يا دوگو چي رەي يەەسو.,Keroog la njiiti Yawut ya dogu ci rey Yeesu.,keroog la njiiti yawut ya dugu ci rey Yeesu.,Erreur linguistique / structurelle
ماڠي لاي ڽاانال جامم,Mangi lay ñaanal jamm,màngi lay ñaanal jàmm,Casse + diacritique
فاتتەە,fàttee,àttee,Erreur linguistique / structurelle
"مان چي ڽووم, ياو يت چي مان,","Man ci ñoom, yaw it ci man,","man ci ñoom, yaw it ci man,",Casse uniquement
نداختە بااي بي چي بوپپام بێگگ نا,ndaxte Baay bi ci boppam bëgg na,Ndaxte baay bi ci boppam bégg na,Casse + diacritique
"گاايام يو سەلل, نا لەەن ياللا سونو","gaayam yu sell, na leen Yàlla sunu","Gaayam yu sell, na leen Yàlla sunu",Casse uniquement
"اي ليير, ڠير مو تەگ لەەن اي","ay liir, ngir mu teg leen ay","ay liyr, ngir mu teg leen ay",Erreur linguistique / structurelle
فوو جێم چي ساما ليگگێەي.,Foo jëm ci sama liggéey.,foo jëm ci sama liggéey.,Casse uniquement
ماا جي دۆوم بي.,Maa ji dóom bi.,maa ji dóom bi.,Casse uniquement
«بي ما كو دەفەە كو تودد اناڽاس,«Bi ma ko defee ku tudd Anañas,«Bi ma ko defee ko tudd anañas,Erreur linguistique / structurelle
"ڽو سوممي مبوبب مو خونق مي, سولااتال","ñu summi mbubb mu xonq mi, solaatal","Ñu sommi mbubb mu xonq mi, sulaatal",Erreur linguistique / structurelle
"تە فەكك لەەن نوونو, سورگا يوويو ڽوو گێن ا يەيوو ڠێرێم.","te fekk leen noonu, surga yooyu ñoo gën a yeyoo ngërëm.","Te fekk leen noonu, surga yooyu ñoo gën a yeyoo ngërëm.",Casse uniquement
نداختە جاڠال نا لەەن اك ساڽ-ساڽ بو سەەني خوتباكات امول.,ndaxte jàngal na leen ak sañ-sañ bu seeni xutbakat amul.,Ndaxte jàngal na leen ak sañ-sañ bu seeni xotbakat amul.,Erreur linguistique / structurelle
ناڠا ناڠوو دەم اك مان.,Nanga nangou dem ak man.,nanga nangoo dem ak man.,Erreur linguistique / structurelle
خاراف بي ڠي تاڠ چي جاووو جي,Xaraf bi ngi tàng ci jawwu ji,xaraf bi ngi tàng ci jawuu ji,Erreur linguistique / structurelle
ڽو لەكك ڽووم ڽێپپ.,Ñu lekk ñoom ñépp.,ñu lekk ñoom ñépp.,Casse uniquement
"ما دێگلو, واايە داما كوي واخ, ڠير","ma déglu, waaye dama koy wax, ngir","ma déglu, waaye dama kuy wax, ngir",Erreur linguistique / structurelle
"اند اك ياو چا كاسو, با چي دەە ساخ.»","ànd ak yaw ca kaso, ba ci dee sax.»","yand ak yaw ca kaso, ba ci dee sax.»",Erreur linguistique / structurelle
"مێنوڽو ووون ا گێم, نداختە ەسايي دافا واخاات نە:","Mënuñu woon a gëm, ndaxte Esayi dafa waxaat ne:","mënuñu woon a gëm, ndaxte Esayi dafa waxaat ne:",Casse uniquement
"مبوولوو مێپپ گيس لوولو, دي سانت ياللا.","Mbooloo mépp gis loolu, di sant Yàlla.","mbooloo mépp gis loolu, di sant yàlla.",Casse uniquement
نەككوون. فەكك موو سەەتي ووون يەەسو لو جييتو. مو نە لەەن:,nekkoon. Fekk moo seeti woon Yeesu lu jiitu. Mu ne leen:,yekkoon. Fekk moo seeti woon Yeesu. Mu ne leen:,Erreur linguistique / structurelle
"ندوخ; مو وێي ناگ چي توپپ فيليب,","ndox; mu wéy nag ci topp Filib,","Ndox; mu wéy nag ci topp filib,",Casse uniquement
نەەنال,neenal,eenal,Erreur linguistique / structurelle
"سەەني وااجور ساخ اك سەەني دوومي ندەي,","Seeni waajur sax ak seeni doomi ndey,","seeni waajur sax ak seeni doomi ndey,",Casse uniquement
"دەخ گي يەڠو نا لوول, نداختە دا دوون ڠەلاو اك دوولە.","Dex gi yengu na lool, ndaxte da doon ngelaw ak doole.","dex gi yengu na lool, ndaxte da doon ngelaw ak doole.",Casse uniquement
"تاال بي, نداخ دو لەەن گێن ا وودد?","taal bi, ndax du leen gën a wodd?","taal bi, ndax du leen gën a wudd?",Erreur linguistique / structurelle
ڽو بێگگ خام ياللا.,Ñu bëgg xam Yàlla.,ñu bëgg xam Yàlla.,Casse uniquement
"يوونو موساا تێلە ووون ا اتتەە نيت ني كو جوب,","yoonu Musaa tële woon a àttee nit ni ku jub,","yoonu Musaa tële woon a àttee nit ni ko jub,",Erreur linguistique / structurelle
"خوول يەەسو, با خام دينا كو فاج","xool Yeesu, ba xam dina ko faj","xool yeesu, ba xam dina ko faj",Casse uniquement
والل,wàll,wall,Diacritique uniquement
"لي ما واخ, داما كوي واخ, ني","li ma wax, dama koy wax, ni","li ma wax, dama kuy wax, ni",Erreur linguistique / structurelle
ياووت يا وێر كو نە كو: «كاڽ,Yawut ya wër ko ne ko: «Kañ,yawut ya wér ko ne ko: «Kañ,Casse + diacritique
"ڽي چي دەس نە, يااي كەنن چي","ñi ci des ne, yaay kenn ci","Ñi ci des ne, yaay kenn ci",Casse uniquement
"واايە دەملەەن چي بانني يسراييل, ڽووم ڽي رێەر نيي خار.","Waaye demleen ci bànni Israyil, ñoom ñi réer niy xar.","waaye demleen ci bànni Israyil, ñoom ñi réer niy xar.",Casse uniquement
"مو ماگ چي گەرەگ يي راگال ياللا,","mu mag ci Gereg yi ragal Yàlla,","mu mag ci gereg yi ragal Yàlla,",Casse uniquement
واسينەە,wasinee,assinee,Erreur linguistique / structurelle
"يەەسوم ناسارەت, بوورو ياووت يي.»","Yeesum Nasaret, buuru Yawut yi.»","yeesum Nasaret, buuru yawut yi.»",Casse uniquement
"نوونو سەيتاانە دالدي سولو يوداا, مي ڽوي","Noonu Seytaane daldi solu Yudaa, mi ñuy","Noonu seytaane daldi solo yudaa, mi ñuy",Erreur linguistique / structurelle
مەلوكااني,melokaani,melukaani,Erreur linguistique / structurelle
"گيسەە نە يەەسو راخاسووول, لااتا موي لەكك.","gisee ne Yeesu raxasuwul, laata muy lekk.","gisee ne Yeesu raxasooul, laata muy lekk.",Erreur linguistique / structurelle
"كەنەەن چا تااليبە يا دي اندارە, مي","Keneen ca taalibe ya di Andare, mi","keneen ca taalibe ya di andare, mi",Casse uniquement
بووبا اموون نا فا باممەەل بو ڽو موسول ا سوول كەنن.,booba amoon na fa bàmmeel bu ñu musul a suul kenn.,Booba amoon na fa bàmmeel bu ñu musul a sool kenn.,Erreur linguistique / structurelle
"بێس مو نە چي خەلام: “راگالوما ياللا تە فاالەووما مبيندەەف,","bés mu ne ci xelam: “Ragaluma Yàlla te faalewuma mbindeef,","Bés mu ne ci xelam: “ragaluma Yàlla te fàalewuma mbindeef,",Casse + diacritique
مو دالدي لەەن نەتتالي لي مو كو واخ.,Mu daldi leen nettali li mu ko wax.,mu daldi leen nettali li mu ko wax.,Casse uniquement
"ڽو گيسەە نيت, كا ساچچ يا دوگالە ووون?»","ñu gisee nit, ka sàcc ya dogale woon?»","ñu gisee nit, ka sàcc ya dugale woon?»",Erreur linguistique / structurelle
"يەروسالەم, ڠير ڽو يار لەەن.","Yerusalem, ngir ñu yar leen.","yerusalem, ngir ñu yar leen.",Casse uniquement
ياللا يۆنني ووون نا نيت كو ڽو ناان ياخيا.,Yàlla yónni woon na nit ku ñu naan Yaxya.,Yàlla yónni woon na nit ku ñu naan yaxya.,Casse uniquement
"اك ياللا, تە كاددو گي ياللا لا ووون.","ak Yàlla, te Kàddu gi Yàlla la woon.","ak Yàlla, te kàddu gi Yàlla la woon.",Casse uniquement
وووتەەك,wuuteek,wooteek,Erreur linguistique / structurelle
چێري,cëri,céri,Diacritique uniquement
دي دێگێرال مبوولووي ڽي گێم.,di dëgëral mboolooy ñi gëm.,di dégëral mboolooy ñi gëm.,Diacritique uniquement
ندانك,ndank,ddnakk,Erreur linguistique / structurelle
نو موسال چي مەروم ياللا.,nu musal ci merum Yàlla.,uusal ci merum Yàlla.,Erreur linguistique / structurelle
نەتتاليل,nettalil,eetil,Erreur linguistique / structurelle
واايە گوددي گووگو جاپپوڽو دارا.,Waaye guddi googu jàppuñu dara.,waaye guddi googu jàppuñu dara.,Casse uniquement
ساككان,sakkan,sàkkan,Diacritique uniquement
"مو داو, دەم چا سيموڠ پييەەر اك","Mu daw, dem ca Simoŋ Piyeer ak","mu daw, dem ca simoŋ Piyeer ak",Casse uniquement
دوون,duun,doon,Erreur linguistique / structurelle
"ما ڽااري ميليوڠ, سەەتال, امە ناا چي يەنەەن ڽاار.”","ma ñaari milyoŋ, seetal, ame naa ci yeneen ñaar.”","ma ñaari milioŋ, seetal, ame naa ci yeneen ñaar.”",Erreur linguistique / structurelle
واايە جارااف جا امول لو مو فەيە.,waaye jaraaf ja amul lu mu feye.,Waaye jaraaf ja amul lu mu feye.,Casse uniquement
"واايە لي خام-خامو ياللا دي جور, مووي فيرندەەل نە دێگگ لا.»","Waaye li xam-xamu Yàlla di jur, mooy firndeel ne dëgg la.»","waaye li xam-xamu Yàlla di jur, mooy firndeel la.»",Erreur linguistique / structurelle
مو جێكك ا فەەڽو ماريااما مو دێكك,mu jëkk a feeñu Maryaama mu dëkk,Mu jëkk a feeñu maryaama mu dëkk,Casse uniquement
"ندوخ اك چي خەلوم ياللا, دوو مان","ndox ak ci Xelum Yàlla, doo man","Ndox ak ci xelum Yàlla, doo man",Casse uniquement
لێو,léw,lëw,Diacritique uniquement
ڽو ڠي دوون ووت ا جاپپ يەەسو,ñu ngi doon wut a jàpp Yeesu,Ñu ngi doon wut a jàpp yeesu,Casse uniquement
"مو سەلل ميي لەەرال, سەەدەەل نا ما نە, دێگگ لااي واخ.","mu Sell miy leeral, seedeel na ma ne, dëgg laay wax.","mu sell miy leeral, seedeel na ma ne, dégg laay wax.",Casse + diacritique
"خوتباكات يا. ديناڽو كو اتتە, تەگ كو","xutbakat ya. Dinañu ko àtte, teg ko","xutbakat ya. Dinañu ko àtte, teg ku",Erreur linguistique / structurelle
لێەگي ناگ يێەنا ڠي ماي ووت ا,Léegi nag yéena ngi may wut a,léeeyi nag yéena ngi may wut a,Erreur linguistique / structurelle
گاننااو لوولو مو نە لەەن: «كو سا,Gannaaw loolu mu ne leen: «Ku sa,gannaaw loolu mu ne leen: «Ku sa,Casse uniquement
"ڽێو چي مووم, ناان كو: “اتتە ما اك ساما نوون!”","ñëw ci moom, naan ko: “Àtte ma ak sama noon!”","yëw ci moom, naan ko: “àtte ma ak sama noon!”",Erreur linguistique / structurelle
ڽااري تێەمێەري خارەكات اك جورۆوم-ڽاار-فوككي گاوار اك,ñaari téeméeri xarekat ak juróom-ñaar-fukki gawar ak,Ñaari téeméeri xarekat ak juróom-ñaar-fukki gawar ak,Casse uniquement
"يت كان مووي بااي بي, كو دول","it kan mooy Baay bi, ku dul","it kan mooy baay bi, ku dul",Casse uniquement
چي كاو لوولو پوول تونتو نە: «لو,Ci kaw loolu Pool tontu ne: «Lu,ci kaw loolu Pool tontu ne: «Lu,Casse uniquement
چي كاو لوولو يەەسو تونتو كو نە:,Ci kaw loolu Yeesu tontu ko ne:,ci kaw loolu Yeesu tontu ko ne:,Casse uniquement
"ڽاار نديگال يوويو, مو جۆگە فا, ڠير","ñaar ndigal yooyu, mu jóge fa, ngir","Ñaar ndigal yooyu, mu jóge fa, ngir",Casse uniquement
"«ياا دي الماسي بي, دوومو ياللا اجي دوند جي.»","«Yaa di Almasi bi, Doomu Yàlla Aji Dund ji.»","«Yaa di Almasi bi, doomu Yàlla Aji dund ji.»",Casse uniquement
باول بي ام نا اي توول يو باري,Baol bi am na ay tool yu bari,bawl bi am na ay tool yu bari,Erreur linguistique / structurelle
"باات بو ما نە: “سوول, سوول, لو","baat bu ma ne: “Sool, Sool, lu","Baat bu ma ne: “Sool, suul, lu",Erreur linguistique / structurelle
دينا جور دووم جو گۆور نا ڠا كو توددە يەەسو,Dina jur doom ju góor na nga ko tudde Yeesu,dina jur doom ju góor na nga ko tudde yeesu,Casse uniquement
"تە فا ما جێم, خام ڠەەن يوون وي.»","Te fa ma jëm, xam ngeen yoon wi.»","te fa ma jëm, xam ngeen yoon wi.»",Casse uniquement
«دەمال سێلمو چي بێتو سيلووە.» سيلووە مي,«Demal sëlmu ci bëtu Silowe.» Silowe mi,«Demal sëlmu ci bëtu Silooe.» Silooe mi,Erreur linguistique / structurelle
ياا ڠي دەم چي ێچولە بي,Yaa ngi dem ci école bi,yaa ngi dem ci école bi,Casse uniquement
دوومو نيت كي; مووي كان?»,Doomu nit ki; mooy kan?»,doomu nit ki; mooy kan?»,Casse uniquement
نووتااڠە,nootaange,Nootaange,Casse uniquement
ڽاككول,ñàkkul,ñakkul,Diacritique uniquement
"چي كيليفتەەفو سەيتاانە, نداختە ياللا اند نا اك مووم.","ci kilifteefu Seytaane, ndaxte Yàlla ànd na ak moom.","ci kilifteefu seytaane, ndaxte Yàlla ànd na ak moom.",Casse uniquement
واايە مو نداو لا.,Waaye mu ndaw la.,waaye mu ndaw la.,Casse uniquement
تاگگاتال,tàggatal,taggatal,Diacritique uniquement
"واايە فەككوڽو فا نێەوام. ڽو دەللوسي, نەتتالي","waaye fekkuñu fa néewam. Ñu dellusi, nettali","Waaye fekkuñu fa néewam. Ñu dellusi, nettali",Casse uniquement
جوخە ساما باككان ڠير جێلاات كو.,joxe sama bakkan ngir jëlaat ko.,joxe sama bàkkan ngir jëlaat ko.,Diacritique uniquement
تە وێر نە مو ڠي دوند; مو,te wér ne mu ngi dund; mu,Te wér ne mu ngi dund; mu,Casse uniquement
"ندەيجوور واخامباانە وو سول مبوبب مو وەەخ, ڽو دالدي تييت.","ndeyjoor waxambaane wu sol mbubb mu weex, ñu daldi tiit.","ndeyjoor waxambaane wu sul mbubb mu weex, ñu daldi tiit.",Erreur linguistique / structurelle
ماا ڠي تودد فاتوو.,Maa ngi tudd Fatou.,maa ngi tudd fàtoo.,Erreur linguistique / structurelle
"كو لەەن فيتناال, ڽاانال-لەەن كو ييو, تە باڽ كوو مۆولو.","Ku leen fitnaal, ñaanal-leen ko yiw, te bañ koo móolu.","ko leen fitnaal, ñaanal-leen ko yiw, te bañ koo móolu.",Erreur linguistique / structurelle
"نداختە لي بورووم بي دوگال چي اددينا,دينا","Ndaxte li Boroom bi dogal ci àddina,dina","Ndaxte li boroom bi dugal ci àddina,dina",Erreur linguistique / structurelle
خام ناڽو ما بو ياگگ تە مان,Xam nañu ma bu yàgg te man,xam nañu ma bu yàgg te man,Casse uniquement
جوب كێپپ كو كو گێم.,jub képp ku ko gëm.,jub képp ku ku gëm.,Erreur linguistique / structurelle
نوونولە لا مالااكاي ياللا يي دي امە,noonule la malaakay Yàlla yi di ame,Noonule la malaakay Yàlla yi di ame,Casse uniquement
"فەككسي كو. مو ڽاان كو,","fekksi ko. Mu ñaan ko,","Fekksi ko. Mu ñaan ko,",Casse uniquement
"نوونو فاريسەن يا لااج لەەن: «مباا ناخوڽو لەەن, يێەن يتام?","Noonu Farisen ya laaj leen: «Mbaa naxuñu leen, yéen itam?","woonu Farisen ya laaj leen: «Mbaa naxuñu leen, yéen itam?",Erreur linguistique / structurelle
چا ساا سا موي يێگلە چا جاڠو,Ca saa sa muy yégle ca jàngu,ca saa sa muy yégle ca jàngu,Casse uniquement
"ميسرا, مو دەف كو كيليفاگ ميسرا اك كێرام گێپپ.","Misra, mu def ko kilifag Misra ak këram gépp.","Yisra, mu def ko kilifag misra ak këram gépp.",Erreur linguistique / structurelle
"گاننااوسي تەي, اي نيت ڠاي مباال جێمە چي مان.»","gannaawsi tey, ay nit ngay mbaal jëme ci man.»","yannaawsi tey, ay nit ngay mbaal jëme ci man.»",Erreur linguistique / structurelle
"يوكك يت ندامام, لو تاخ كون ياللا","yokk it ndamam, lu tax kon Yàlla","yokk it ndamam, lu tax kon yàlla",Casse uniquement
"دوگگە فيي, تە امولوو مبوببوم چێەت?” واا جي نە مييگ.","dugge fii, te amuloo mbubbum céet?” Waa ji ne miig.","dugge fii, te amuloo mbubbum céet?” waa ji ne miyg.",Erreur linguistique / structurelle
گاننااو لوولو يەەسو فەەڽو ڽاار چي ڽووم,Gannaaw loolu Yeesu feeñu ñaar ci ñoom,Gannaaw loolu Yeesu feañu ñaar ci ñoom,Erreur linguistique / structurelle
دافا ام كو كو ينديل لەكك?»,dafa am ku ko indil lekk?»,dafa am ku ko yoniid lekk?»,Erreur linguistique / structurelle
"ڽي ياللا تاننال بوپپام, كان موو لەەن","Ñi Yàlla tànnal boppam, kan moo leen","ñi Yàlla tannal boppam, kan moo leen",Casse + diacritique
بێرە,bëre,bére,Diacritique uniquement
"جۆگە فا اك ي تااليبەەم, جالل خورو سەدورون, دوگگ چيب توول.","jóge fa ak i taalibeem, jàll xuru Sedoron, dugg cib tool.","jóge fa ak yittaalibeem, jall xoru Sedurun, dugg cib tool.",Erreur linguistique / structurelle
"فاريسەن يا گێنن ناگ, دالدي گيسە, ڠير فەخەە رەيلو يەەسو.","Farisen ya génn nag, daldi gise, ngir fexee reylu Yeesu.","farisen ya génn nag, daldi gise, ngir fexee reylu.",Erreur linguistique / structurelle
تەرە,tere,eere,Erreur linguistique / structurelle
بااي بي; لوولو دوي نا نو.»,Baay bi; loolu doy na nu.»,baay bi; loolu duy na nu.»,Erreur linguistique / structurelle
"يەروسالەم يێگ ناڽو نە, واا ساماري ناڠو","Yerusalem yég nañu ne, waa Samari nangu","yerusalem yég nañu ne, waa Samari nangu",Casse uniquement
ڽێپپ ا ڠي ام جامم.,Ñépp a ngi am jamm.,ñépp a ngi am jàmm.,Casse + diacritique
مان لا. بو فەككەە نە ناگ مان,man la. Bu fekkee ne nag man,man la. Bu fekkee negnag man,Erreur linguistique / structurelle
لا وەددي موكك.» تااليبە يێپپ يت واخە نوونو.,la weddi mukk.» Taalibe yépp it waxe noonu.,Ya weddi mukk.» Taalibe yépp it waxe noonu.,Erreur linguistique / structurelle
لاگگي اك ڽو لافاڽ دالدي وێر.,làggi ak ñu lafañ daldi wér.,laggi ak ñu lafañ daldi wér.,Diacritique uniquement
في نەككال? نداخ نەككالو في يت ڽو دول ياووت? ااڠكاي!,fi nekkal? Ndax nekkalu fi it ñu dul Yawut? Aaŋkay!,fi nekkal? Ndax nekkalu fi it ñu dul yawut? Aaŋkày,Erreur linguistique / structurelle
ام بێس چي تيسباار ناگ مو ام,Am bés ci tisbaar nag mu am,am bés ci tisbaar nag mu am,Casse uniquement
كون مو تاگگتوو اك ڽووم ناان: «ديناا,Kon mu tàggtoo ak ñoom naan: «Dinaa,kon mu taggtoo ak ñoom naan: «Dinaa,Casse + diacritique
"ا ماي ماگگال, مووم مي ڠەەن ناان, مووي سەەن ياللا.","a may màggal, moom mi ngeen naan, mooy seen Yàlla.","a may màggal, moom mi ngeen naan, mooy seen yàlla.",Casse uniquement
لەەراايو لامپ نە رايي چي سا كاو.»,leeraayu làmp ne ràyy ci sa kaw.»,leeraayu làmp ne rayy ci sa kaw.»,Diacritique uniquement
يەدد لەەن نداخ سەەن ڠێمادي اك سەەن,yedd leen ndax seen ngëmadi ak seen,yedd leen ndax seen ngëmadi ak Seen,Casse uniquement
ناڠوو لاال سێف بي ساخ اك سەەن چاتي بااراام.,nangoo laal sëf bi sax ak seen cati baaraam.,nanguu laal sëf bi sax ak seen cati baaraam.,Erreur linguistique / structurelle
"يوروون بويەتو خااليس بي, تە داان چي ساكك.","yoroon boyetu xaalis bi, te daan ci sàkk.","yoroon buyetu xaalis bi, te daan ci sàkk.",Erreur linguistique / structurelle
وۆولوووو,wóoluwoo,wóoluwu,Erreur linguistique / structurelle
"كووكو مووي خەلو ياللا, مي يور دێگگ.","Kooku mooy Xelu Yàlla, mi yor dëgg.","kooku mooy xelu Yàlla, mi yor dégg.",Casse + diacritique
"جوتتالي ناا لەەن سا كاددو, تە اددينا","Jottali naa leen sa kàddu, te àddina","jottali naa leen sa kàddu, te àddina",Casse uniquement
نيروولە,niroole,inroole,Erreur linguistique / structurelle
"نوونو يەەسو تاخاو, دالدي نە: «ووولەەن كو!»","Noonu Yeesu taxaw, daldi ne: «Wooleen ko!»","noonu Yeesu taxaw, daldi ne: «Wowleen ko!»",Erreur linguistique / structurelle
ناڠا دەف اك سا كێر.,Nanga def ak sa kër.,nanga def ak sa kër.,Casse uniquement
ڽو واخ چي مبيروم دووم يي.,Ñu wax ci mbirum doom yi.,ñu wax ci mbirum doom yi.,Casse uniquement
نان لاڽو كوي دەللوو چافكاام? املەەن خوروم تە ڠەەن جامموو.»,nan lañu koy delloo cafkaam? Amleen xorom te ngeen jàmmoo.»,yan lañu koy delloo cafkaam? Amleen xorom tà ngeen jàmmoo.»,Erreur linguistique / structurelle
"بااي بي نەكك چي كاو,نا سا تور سەلل,","Baay bi nekk ci kaw,na sa tur sell,","baay bi nekk ci kaw,na sa tur sell,",Casse uniquement
"گارابو وليو گو كێر گي, ياللا دينا لەەن چي دەللوو.","garabu oliw gu kër gi, Yàlla dina leen ci delloo.","yarabu wliw gu kër gi, Yàlla dina leen ci delluo.",Erreur linguistique / structurelle
"ياو تەيوفيل مو تەدد مي, خام ڠا","Yaw Teyofil mu tedd mi, xam nga","yaw teyufil mu tedd mi, xam nga",Erreur linguistique / structurelle
"داگگەەكوو, مان دوما لا باييي موكك.»","dàggeekoo, man duma la bàyyi mukk.»","daggeekuo, man duma la bàyyi mukk.»",Erreur linguistique / structurelle
چي لو اجو چي يوون وي.,ci lu aju ci Yoon wi.,ci lu aju ci yoon wi.,Casse uniquement
سێق,sëq,séq,Diacritique uniquement
دوي,doy,duy,Erreur linguistique / structurelle
ماڠي لاي ڽاانال گا ام خااليس.,Mangi lay ñaanal ga am xaalis.,màngi lay ñaanal ga am xaalis.,Casse + diacritique
"«كيليفا يي, لو ما وار ا دەف, با موچچ?»","«Kilifa yi, lu ma war a def, ba mucc?»","yklifa yi, lu ma war a def, ba mucc?»",Erreur linguistique / structurelle
"تە باات نە كو: «جۆگال, پييەەر, رەي تە لەكك.»","Te baat ne ko: «Jógal, Piyeer, rey te lekk.»","te baat ne ko: «Jógal, Piyeer, rey te lekk.»",Casse uniquement
"چي كێر ياللا گي, با يندي سوبە","ci kër Yàlla gi, ba indi sobe","ci kër Yàlla gi, ba indi sube",Erreur linguistique / structurelle
"ڽوي دوگگ چا كێر ياللا گا, مو دێكك لەەن لوخو.","ñuy dugg ca kër Yàlla ga, mu dékk leen loxo.","Ñuy dugg ca kër Yàlla ga, mu dëkk leen loxo.",Casse + diacritique
"ليي مووي ڽاارەەلو فيرندە, بي يەەسو دەف","Lii mooy ñaareelu firnde, bi Yeesu def","liy mooy ñaareelu firnde, bi Yeesu def",Erreur linguistique / structurelle
بايييواات كو في ات ميي. ديناا واقي,bàyyiwaat ko fi at mii. Dinaa wàqi,bàyyiwaat ku fi at miy. Dinaa wàqi,Erreur linguistique / structurelle
"فووفا; تە ڽو بارە توپپ كو, مو وێرال لەەن ڽووم ڽێپپ.","foofa; te ñu bare topp ko, mu wéral leen ñoom ñépp.","woofa; te ñu bare topp ko, mu wéral leen ñoom ñépp.",Erreur linguistique / structurelle
"سا, مو جێم گێەج, واايە سيلاس اك تيموتە دەس فا.","sa, mu jëm géej, waaye Silas ak Timote des fa.","sa, mu jëm géej, waaye Silas ak timote des fa.",Casse uniquement
اجي كاوە جي دينا لا ييير چي,Aji Kawe ji dina la yiir ci,Aji kawe ji dina la yiyr ci,Erreur linguistique / structurelle
فويتێەف,fuytéef,Foytéef,Erreur linguistique / structurelle
"ڽو دالدي سانني دييگال, ڠير واڽڽي دوخوب","ñu daldi sànni diigal, ngir wàññi doxub","Ñu daldi sànni diigal, ngir waññi doxob",Erreur linguistique / structurelle
"لەەن, كيي گۆور, كيي جيگێەن.","leen, kii góor, kii jigéen.","leen, kiy góor, kiy jigéen.",Erreur linguistique / structurelle
ندام,ndam,ddàm,Erreur linguistique / structurelle
گيس پوول چا كێر ياللا گا. ڽو,gis Pool ca kër Yàlla ga. Ñu,yis Pool ca kër Yàlla ga. Ñu,Erreur linguistique / structurelle
ام ناا ڽاار دووم.,Am naa ñaar doom.,am naa ñaar doom.,Casse uniquement
ندێنكاان,ndénkaan,ddnnaan,Erreur linguistique / structurelle
يەيوووول ا ليگگێەي چي ڠوورو ياللا.»,yeyoowul a liggéey ci nguuru Yàlla.»,yeyoowula liggéey ci nguuru Yàlla.»,Erreur linguistique / structurelle
لەوپوول,leopool,lewpool,Erreur linguistique / structurelle
"بااخ, ساخ, ناڠو با مەڽڽ تێەمێەري يوون","baax, sax, nangu ba meññ téeméeri yoon","baax, Sax, nangu ba meññ téeméeri yoon",Casse uniquement
پوليتيگ,politig,pulitig,Erreur linguistique / structurelle
اسماان,asmaan,sasmaan,Erreur linguistique / structurelle
اموڽو,amuñu,Amuñu,Casse uniquement
"نداختە گاراب, مەڽڽەەفام لاڽو كوي خاممەە. دەەسول","Ndaxte garab, meññeefam lañu koy xàmmee. Deesul","Yànte garab, meññeefam lañu koy xàmmee. Deesul",Erreur linguistique / structurelle
"نيت ناگ, نداخ ێپپول ماانا خار? كون","Nit nag, ndax ëppul maana xar? Kon","nit nag, ndax ëppul maana xar? Kon",Casse uniquement
وببەە,ubbee,bubbee,Erreur linguistique / structurelle
"ياو مي ناافێق, باي ساماندااي ميير بو","yaw mi naaféq, bay samandaay miir bu","yaw mi naaféq, bay samandaay miyr bu",Erreur linguistique / structurelle
"وار نا سونن لو بارە, ڽو خەەب كو, دێددو كو.","war na sonn lu bare, ñu xeeb ko, dëddu ko.","war na sunn lu bare, ñu xeeb ko, dëddu ko.",Erreur linguistique / structurelle
گاننااو ياللا باالول چار يا چوساانوو چا,Gannaaw Yàlla baalul car ya cosaanoo ca,Gannaaw Yàlla baalul car ya cosaanuo ca,Erreur linguistique / structurelle
تووبوون,tuuboon,tuubuon,Erreur linguistique / structurelle
ماڠي دەم توگگ چي چين بي.,Mangi dem togg ci cin bi.,mangi dem togg ci cin bi.,Casse uniquement
ندابي,ndabi,ddàbi,Erreur linguistique / structurelle
"مو سەەدەە كو نيي: “گيس ناا دااوودا,","mu seedee ko nii: “Gis naa Daawuda,","mu seedee ku nii: “Gis naa daawuda,",Erreur linguistique / structurelle
كوو لەكك چێب امنا وێرسێگ.,Kou lekk cëb amna wërsëg.,koo lekk cëb amna wërsëg.,Erreur linguistique / structurelle
"""بو ما يەەووو, داماي وێر.""","""Bu ma yeewoo, damay wér.""","""Bu ma yeewu, damay wér.""",Erreur linguistique / structurelle
ڽي ما گێم ديناڽو اند اك فيرندە,Ñi ma gëm dinañu ànd ak firnde,ñi ma gëm dinañu ànd ak firnde,Casse uniquement
نداختە كو دەف ساما چووبارەگ بااي بي,Ndaxte ku def sama coobareg Baay bi,Ndaxte ku def sama coobareg baay bi,Casse uniquement
تە بولەەن راگال ڽو مان ا رەي,Te buleen ragal ñu man a rey,te buleen ragal ñu man a rey,Casse uniquement
مان اك بااي بي بەنن لانو.»,Man ak Baay bi benn lanu.»,man ak baay bi benn lanu.»,Casse uniquement
يسراييل داڽوو خامول? ااڠكاي! موساا دافا جێككوون,Israyil dañoo xamul? Aaŋkay! Musaa dafa jëkkoon,Ysrayil dañoo xamul? Aangàk! Musaa dafa jëkkoon,Erreur linguistique / structurelle
"بانت, جوخ كو كو, مو مووچو. مو","bant, jox ko ko, mu muucu. Mu","bant, jox ko ko, mu mooco. Mu",Erreur linguistique / structurelle
"سوو كو لااجەە, ياو چي سا بوپپ,","Soo ko laajee, yaw ci sa bopp,","soo ko laajee, yaw ci sa bopp,",Casse uniquement
ڽو بارە چي يسراييل داانو تە يێككاتيكو.,ñu bare ci Israyil daanu te yékkatiku.,Ñu bare ci Israyil daanu te yékkatiku.,Casse uniquement
تێيە,téye,ëéye,Erreur linguistique / structurelle
"جۆگلەەن نو دەم; كي ماي وور ا ڠي نيي, دي ڽێو.»","Jógleen nu dem; ki may wor a ngi nii, di ñëw.»","jógleen nu dem; ki may wur a ngi nii, di ñëw.»",Erreur linguistique / structurelle
ێللێگ; نو ڠي نە سەەو ياللا بوولە,ëllëg; nu ngi ne seew Yàlla boole,yëllëg; nu ngi ne seew Yàlla boole,Erreur linguistique / structurelle
"«كيليفا گي, موساا بيندال نا نو نە,","«Kilifa gi, Musaa bindal na nu ne,","«Kilifa gi, musaa bindal na nu ne,",Casse uniquement
"بي, ياا ساكك اساماان, سووف, گێەج اك","bi, yaa sàkk asamaan, suuf, géej ak","bi, yaa sakk asamaan, suuf, géej ak",Diacritique uniquement
"ڽو تاق چي مووم, نداخ لي مو","Ñu taq ci moom, ndax li mu","Ñu tàq ci moom, ndax li mu",Diacritique uniquement
"نيير كو, دێگگ بااتو بورووم بي نە كو:","niir ko, dégg baatu Boroom bi ne ko:","niir ku, dégg baatu boroom bi ne ko:",Erreur linguistique / structurelle
"باككاارام ا كو وارال, واللا بو وااجورام?»","bàkkaaram a ko waral, walla bu waajuram?»","bàkkaaram a ku waral, walla bu waajuram?»",Erreur linguistique / structurelle
"لو وۆور چي مبيروم ماام دااوودا, نە","lu wóor ci mbirum maam Daawuda, ne","lu wóor ci mbirum maam daawuda, ne",Casse uniquement
"داماي واخ نە, مبورو مێپپ سەلل نا,","Damay wax ne, mburu mépp sell na,","damay wax ne, mburu mépp sell na,",Casse uniquement
"اك اي جاڠورو يو وووتە, تە داق","ak ay jàngoro yu wuute, te dàq","ak ay jàngoro yu woote, te dàq",Erreur linguistique / structurelle
يێوويكوو,yéwwikoo,yéwuyoo,Erreur linguistique / structurelle
"چي مبارام. نداخ واروماا ناان كااسو ناقار,","ci mbaram. Ndax warumaa naan kaasu naqar,",ci mbaram. Ndax warumaa naan kaasu naqarararararararara,Erreur linguistique / structurelle
نوونو ناڠوووڽوو ييوي ياسون اك ڽي چي,Noonu nanguwuñoo yiwi Yason ak ñi ci,Noonu nanguwuñuoy Yiwi Yasun ak ñi ci,Erreur linguistique / structurelle
"فەكك, تە ڽو بوكك چي يوون وي,","fekk, te ñu bokk ci yoon wi,","Fekk, te ñu bokk ci yoon wi,",Casse uniquement
با تاخ تورام سييو با چي بيير,ba tax turam siiw ba ci biir,ba tax turam Siiw ba ci biir,Casse uniquement
يۆننيل لێەگي ناگ اي نيت چي دێككو,Yónnil léegi nag ay nit ci dëkku,yónnil léegi nag ay nit ci dëkku,Casse uniquement
دوي ڠير مبوولوو مو توللو نيي?»,doy ngir mbooloo mu tollu nii?»,duy ngir mbooloo mu tollu nii?»,Erreur linguistique / structurelle
"ڽو نە: « “تەگ چاب ديير,” لو","Ñu ne: « “Teg cab diir,” lu","Ñu ne: «TTgg cab diir,” lu",Erreur linguistique / structurelle
"نوونو مو يووخو نە: «يەەسو, سێتو دااوودا, يێرێم ما!»","Noonu mu yuuxu ne: «Yeesu, Sëtu Daawuda, yërëm ma!»","woonu mu yuuxu ne: «Yeesu, sëtu Daawuda, yërëm ma!»",Erreur linguistique / structurelle
"تە يت بوولە ووون نا چي يەنەەن ڽااوتەەف,","te it boole woon na ci yeneen ñaawteef,","Te it boole woon na ci yeneen ñaawteef,",Casse uniquement
"كاو, گێرێم ياللا, با نوپپي مو دامم","kaw, gërëm Yàlla, ba noppi mu damm","kaw, gërëm Yàlla, ba noppi mu dàmm",Diacritique uniquement
"يووخ گو رێي,راسەل مووي جووي اي دوومامتە","yuux gu réy,Rasel mooy jooy ay doomamte","yuux gu réy,rasel mooy jooy ay doomamte",Casse uniquement
خامااكوونو,xamaakoonu,xamaakuonu,Erreur linguistique / structurelle
"فەكك بووبا مو رومب فا, جۆگە چا","Fekk booba mu romb fa, jóge ca","fekk booba mu romb fa, jóge ca",Casse uniquement
"فيليب مو ڠا دێككوون بەتسايدا, دێككو اندارە اك پييەەر.","Filib mu nga dëkkoon Betsayda, dëkku Andare ak Piyeer.","filib mu nga dëkkoon betsayda, dëkku Andare ak Piyeer.",Casse uniquement
نداوول,ndawul,Nddawul,Erreur linguistique / structurelle
ماا ڠي سانت ياللا چي لي ما,Maa ngi sant Yàlla ci li ma,maa ngi sant Yàlla ci li ma,Casse uniquement
"چا ێللێگ سا چا فاجار, مو دەللو","Ca ëllëg sa ca fajar, mu dellu","ca ëllëg sa ca fajar, mu dellu",Casse uniquement
"سا مبير دو دێگگ, واايە ياا ڠي","sa mbir du dëgg, waaye yaa ngi","sa mbir du dégg, waaye yaa ngi",Diacritique uniquement
ڽو رێچچ كو.,Ñu rëcc ko.,ñu rëcc ko.,Casse uniquement
نە لەەن: «لێەگي ڽو جێببال دوومو نيت,ne leen: «Léegi ñu jébbal Doomu nit,ne leen: «Léegi ñu jébbal doomu nit,Casse uniquement
